6,9,25,32,46,49,50,52,57,74,77,79,80,82,88,89,93,97,101,102,103,104,105,106,107,108,109,110,111,112,113,114,115,116,117,118,119,120,121,122,123,124,125,126,127,128,129,130,131,132,133,134,135,136,137,138,139,140,141,142,143,144,145,146,147,149,150
0.04,1.8,1.16,0.47,0.82,4.21,1.32,1.76,0.18,3.35,1.86,0.37,6.41,1.14,1.25,1.95,2.6,0.78,5.04,0.45,6.98,1.23,0.04,1.77,0.01,10.93,10.14,2.72,1.72,3.82,0.13,3.46,1.11,9.32,1.1,2.76,1.81,0.67,3.34,9.21,1.87,2.01,10.21,2.2,3.13,5.29,7.72,5.05,2.38,4.62,7.17,1.71,3.85,8.83,2.45,0.81,2.28,2.08,2.3,6.08,1.95,19.4,7.33,8.93,10.27,0,0
0.04,2.16,1.4,0.56,0.98,5.05,1.59,2.11,0.22,4.01,2.23,0.45,7.69,1.37,1.5,2.35,3.12,0.94,6.05,0.54,8.37,1.48,0.04,2.12,0.01,13.12,12.17,3.26,2.06,4.59,0.16,4.15,1.34,11.18,1.32,3.31,2.17,0.81,4.01,11.05,2.25,2.42,12.26,2.64,3.75,6.34,9.26,6.05,2.86,5.55,8.61,2.05,4.62,10.59,2.94,0.98,2.74,2.5,2.76,7.3,2.34,23.27,8.79,10.71,12.32,0,0
0.04,2.21,1.43,0.57,1,5.18,1.63,2.16,0.23,4.12,2.29,0.46,7.88,1.41,1.54,2.4,3.2,0.96,6.2,0.56,8.58,1.51,0.04,2.18,0.01,13.45,12.48,3.35,2.11,4.7,0.16,4.25,1.37,11.46,1.35,3.4,2.23,0.83,4.11,11.32,2.3,2.48,12.56,2.7,3.85,6.5,9.49,6.21,2.93,5.69,8.82,2.1,4.73,10.86,3.01,1,2.81,2.56,2.83,7.48,2.4,23.86,9.01,10.98,12.63,0,0
0.04,2.26,1.47,0.59,1.03,5.3,1.67,2.22,0.23,4.21,2.34,0.47,8.07,1.44,1.57,2.46,3.28,0.99,6.35,0.57,8.78,1.55,0.04,2.23,0.01,13.76,12.77,3.43,2.16,4.82,0.17,4.35,1.4,11.73,1.38,3.48,2.28,0.85,4.21,11.59,2.36,2.54,12.86,2.77,3.94,6.66,9.72,6.35,3,5.82,9.03,2.15,4.85,11.11,3.08,1.03,2.87,2.62,2.9,7.66,2.46,24.42,9.23,11.24,12.93,0,0
0.05,2.46,1.59,0.64,1.12,5.77,1.81,2.41,0.25,4.58,2.55,0.51,8.78,1.56,1.71,2.68,3.56,1.07,6.91,0.62,9.55,1.68,0.05,2.42,0.02,14.97,13.89,3.73,2.35,5.24,0.18,4.73,1.52,12.75,1.5,3.78,2.48,0.92,4.57,12.61,2.56,2.76,13.98,3.01,4.28,7.24,10.57,6.91,3.26,6.33,9.82,2.34,5.27,12.09,3.35,1.11,3.12,2.85,3.15,8.33,2.67,26.56,10.03,12.22,14.06,0,0
0.06,3.09,2,0.8,1.4,7.23,2.28,3.02,0.32,5.75,3.2,0.64,11.01,1.96,2.14,3.36,4.47,1.34,8.66,0.78,11.98,2.11,0.06,3.04,0.02,18.78,17.42,4.67,2.95,6.57,0.23,5.93,1.91,16,1.89,4.74,3.11,1.16,5.74,15.81,3.22,3.46,17.54,3.77,5.37,9.08,13.25,8.67,4.09,7.94,12.32,2.94,6.61,15.16,4.21,1.4,3.92,3.57,3.95,10.45,3.35,33.31,12.59,15.33,17.64,0,0
0.07,3.64,2.36,0.94,1.65,8.53,2.68,3.56,0.37,6.78,3.77,0.76,12.98,2.31,2.53,3.96,5.27,1.58,10.21,0.91,14.13,2.49,0.07,3.59,0.02,22.14,20.54,5.51,3.48,7.75,0.27,7,2.25,18.86,2.23,5.59,3.67,1.36,6.77,18.65,3.79,4.08,20.68,4.45,6.33,10.71,15.63,10.22,4.83,9.37,14.53,3.46,7.79,17.88,4.96,1.65,4.62,4.21,4.66,12.32,3.95,39.28,14.84,18.07,20.8,0,-16.85
0.07,3.65,2.36,0.95,1.66,8.54,2.69,3.57,0.37,6.79,3.77,0.76,13,2.32,2.53,3.97,5.28,1.59,10.23,0.92,14.15,2.49,0.07,3.59,0.02,22.18,20.58,5.52,3.49,7.76,0.27,7.01,2.26,18.9,2.23,5.6,3.68,1.37,6.78,18.68,3.8,4.09,20.72,4.46,6.35,10.72,15.66,10.23,4.84,9.38,14.55,3.47,7.81,17.91,4.97,1.65,4.63,4.22,4.66,12.34,3.96,39.35,14.87,18.11,20.84,0,-35.45
0.07,3.57,2.31,0.92,1.62,8.36,2.63,3.49,0.37,6.64,3.69,0.74,12.72,2.27,2.48,3.88,5.16,1.55,10.01,0.9,13.84,2.44,0.07,3.51,0.02,21.69,20.13,5.4,3.41,7.59,0.26,6.86,2.21,18.48,2.18,5.48,3.6,1.33,6.63,18.27,3.72,4,20.26,4.36,6.21,10.49,15.31,10.01,4.73,9.18,14.23,3.39,7.64,17.51,4.86,1.62,4.52,4.13,4.56,12.07,3.87,38.48,14.54,17.71,20.38,0,-35.49
0.06,3.11,2.02,0.81,1.41,7.29,2.29,3.04,0.32,5.79,3.22,0.65,11.09,1.98,2.16,3.38,4.5,1.35,8.73,0.78,12.07,2.13,0.06,3.06,0.02,18.92,17.55,4.71,2.98,6.62,0.23,5.98,1.93,16.12,1.9,4.78,3.14,1.16,5.78,15.93,3.24,3.49,17.67,3.8,5.41,9.15,13.35,8.73,4.13,8,12.41,2.96,6.66,15.27,4.24,1.41,3.95,3.6,3.98,10.52,3.38,33.56,12.68,15.44,17.77,0,-10.53
0.05,2.75,1.78,0.71,1.25,6.45,2.03,2.69,0.28,5.12,2.85,0.57,9.82,1.75,1.91,2.99,3.98,1.2,7.72,0.69,10.68,1.88,0.05,2.71,0.02,16.74,15.53,4.17,2.63,5.86,0.2,5.29,1.7,14.26,1.68,4.23,2.78,1.03,5.12,14.1,2.87,3.09,15.64,3.36,4.79,8.09,11.82,7.72,3.65,7.08,10.98,2.62,5.89,13.52,3.75,1.25,3.49,3.18,3.52,9.31,2.99,29.7,11.22,13.67,15.73,0,0
0.06,3.06,1.98,0.79,1.39,7.17,2.26,2.99,0.31,5.7,3.17,0.64,10.91,1.95,2.13,3.33,4.43,1.33,8.59,0.77,11.87,2.09,0.06,3.01,0.02,18.61,17.27,4.63,2.93,6.51,0.22,5.88,1.89,15.86,1.87,4.7,3.09,1.15,5.69,15.67,3.19,3.43,17.39,3.74,5.32,9,13.14,8.59,4.06,7.87,12.21,2.91,6.55,15.03,4.17,1.39,3.88,3.54,3.91,10.35,3.32,33.02,12.47,15.19,17.48,0,0
0.06,2.81,1.82,0.73,1.28,6.59,2.07,2.75,0.29,5.23,2.91,0.58,10.03,1.79,1.95,3.06,4.07,1.22,7.89,0.71,10.91,1.92,0.06,2.77,0.02,17.1,15.87,4.26,2.69,5.98,0.21,5.4,1.74,14.57,1.72,4.32,2.83,1.05,5.23,14.4,2.93,3.15,15.97,3.44,4.89,8.27,12.07,7.89,3.73,7.23,11.22,2.67,6.02,13.81,3.83,1.27,3.57,3.25,3.6,9.51,3.05,30.33,11.46,13.96,16.06,0,0
0.05,2.58,1.67,0.67,1.17,6.05,1.9,2.53,0.26,4.8,2.67,0.54,9.2,1.64,1.79,2.81,3.74,1.12,7.24,0.65,10.01,1.76,0.05,2.54,0.02,15.7,14.56,3.91,2.47,5.49,0.19,4.96,1.6,13.37,1.58,3.97,2.6,0.97,4.8,13.22,2.69,2.89,14.66,3.15,4.49,7.59,11.08,7.24,3.42,6.64,10.3,2.46,5.53,12.67,3.52,1.17,3.27,2.99,3.3,8.73,2.8,27.85,10.52,12.81,14.75,0,0
0.05,2.62,1.7,0.68,1.19,6.13,1.93,2.56,0.27,4.87,2.71,0.54,9.33,1.66,1.82,2.84,3.79,1.14,7.34,0.66,10.15,1.79,0.05,2.58,0.02,15.91,14.77,3.96,2.5,5.57,0.19,5.03,1.62,13.56,1.6,4.02,2.64,0.98,4.86,13.4,2.73,2.93,14.87,3.2,4.55,7.69,11.23,7.34,3.47,6.73,10.44,2.49,5.6,12.85,3.56,1.19,3.32,3.03,3.35,8.85,2.84,28.23,10.67,12.99,14.95,0,0
0.05,2.49,1.62,0.65,1.13,5.84,1.84,2.44,0.26,4.64,2.58,0.52,8.89,1.59,1.73,2.71,3.61,1.09,7,0.63,9.68,1.71,0.05,2.46,0.02,15.16,14.07,3.77,2.38,5.3,0.18,4.79,1.54,12.92,1.52,3.83,2.51,0.93,4.63,12.77,2.6,2.79,14.17,3.05,4.34,7.33,10.7,7,3.31,6.41,9.95,2.37,5.34,12.24,3.4,1.13,3.16,2.88,3.19,8.44,2.71,26.9,10.16,12.38,14.25,0,0
0.05,2.51,1.62,0.65,1.14,5.87,1.85,2.45,0.26,4.66,2.59,0.52,8.93,1.59,1.74,2.72,3.63,1.09,7.03,0.63,9.72,1.71,0.05,2.47,0.02,15.24,14.14,3.79,2.4,5.33,0.18,4.82,1.55,12.98,1.53,3.85,2.53,0.94,4.66,12.83,2.61,2.81,14.24,3.06,4.36,7.37,10.76,7.03,3.32,6.45,10,2.38,5.36,12.3,3.41,1.13,3.18,2.9,3.2,8.48,2.72,27.03,10.21,12.44,14.32,0,0
0.05,2.45,1.59,0.64,1.11,5.74,1.81,2.4,0.25,4.56,2.54,0.51,8.74,1.56,1.7,2.67,3.55,1.07,6.88,0.62,9.51,1.68,0.05,2.41,0.02,14.91,13.84,3.71,2.35,5.22,0.18,4.71,1.52,12.71,1.5,3.77,2.47,0.92,4.56,12.56,2.55,2.75,13.93,3,4.27,7.21,10.53,6.88,3.25,6.31,9.78,2.33,5.25,12.04,3.34,1.11,3.11,2.84,3.14,8.29,2.66,26.45,9.99,12.17,14.01,0,0
0.05,2.48,1.61,0.64,1.13,5.82,1.83,2.43,0.25,4.62,2.57,0.52,8.85,1.58,1.72,2.7,3.59,1.08,6.97,0.62,9.63,1.7,0.05,2.44,0.02,15.1,14.01,3.76,2.37,5.28,0.18,4.77,1.54,12.86,1.52,3.81,2.5,0.93,4.61,12.71,2.59,2.78,14.1,3.03,4.32,7.3,10.66,6.97,3.29,6.39,9.91,2.36,5.31,12.19,3.38,1.12,3.15,2.87,3.18,8.4,2.7,26.78,10.12,12.32,14.18,0,0
0.05,2.37,1.53,0.61,1.08,5.55,1.74,2.32,0.24,4.41,2.45,0.49,8.44,1.51,1.64,2.57,3.43,1.03,6.64,0.59,9.19,1.62,0.05,2.33,0.02,14.4,13.36,3.58,2.26,5.04,0.17,4.55,1.47,12.27,1.45,3.64,2.39,0.89,4.4,12.13,2.47,2.65,13.45,2.89,4.12,6.96,10.17,6.65,3.14,6.09,9.45,2.25,5.07,11.63,3.23,1.07,3,2.74,3.03,8.01,2.57,25.55,9.65,11.76,13.53,0,0
0.05,2.37,1.53,0.61,1.07,5.55,1.74,2.32,0.24,4.41,2.45,0.49,8.44,1.5,1.64,2.57,3.43,1.03,6.64,0.59,9.18,1.62,0.05,2.33,0.02,14.39,13.36,3.58,2.26,5.04,0.17,4.55,1.47,12.27,1.45,3.64,2.39,0.89,4.4,12.12,2.47,2.65,13.45,2.89,4.12,6.96,10.16,6.64,3.14,6.09,9.45,2.25,5.07,11.62,3.22,1.07,3,2.74,3.03,8.01,2.57,25.54,9.65,11.75,13.52,0,0
0.04,2.2,1.42,0.57,1,5.15,1.62,2.15,0.23,4.09,2.27,0.46,7.84,1.4,1.53,2.39,3.18,0.96,6.17,0.55,8.53,1.5,0.04,2.16,0.01,13.37,12.4,3.33,2.1,4.68,0.16,4.23,1.36,11.39,1.34,3.38,2.22,0.82,4.09,11.26,2.29,2.46,12.49,2.69,3.83,6.46,9.44,6.17,2.92,5.66,8.77,2.09,4.71,10.79,2.99,1,2.79,2.54,2.81,7.44,2.39,23.72,8.96,10.91,12.56,0,0
0.03,1.57,1.02,0.41,0.71,3.68,1.16,1.54,0.16,2.92,1.63,0.33,5.6,1,1.09,1.71,2.27,0.68,4.41,0.39,6.1,1.07,0.03,1.55,0.01,9.56,8.87,2.38,1.5,3.34,0.12,3.02,0.97,8.14,0.96,2.41,1.58,0.59,2.92,8.05,1.64,1.76,8.93,1.92,2.73,4.62,6.75,4.41,2.08,4.04,6.27,1.49,3.36,7.72,2.14,0.71,1.99,1.82,2.01,5.32,1.71,16.95,6.4,7.8,8.98,0,0
0.03,1.6,1.04,0.42,0.73,3.75,1.18,1.57,0.16,2.98,1.66,0.33,5.71,1.02,1.11,1.74,2.32,0.7,4.49,0.4,6.21,1.1,0.03,1.58,0.01,9.74,9.04,2.42,1.53,3.41,0.12,3.08,0.99,8.3,0.98,2.46,1.61,0.6,2.98,8.2,1.67,1.8,9.1,1.96,2.79,4.71,6.88,4.49,2.12,4.12,6.39,1.52,3.43,7.86,2.18,0.73,2.03,1.85,2.05,5.42,1.74,17.28,6.53,7.95,9.15,0,0
0.04,1.84,1.19,0.48,0.83,4.3,1.35,1.8,0.19,3.42,1.9,0.38,6.55,1.17,1.27,2,2.66,0.8,5.15,0.46,7.12,1.26,0.04,1.81,0.01,11.16,10.36,2.78,1.76,3.9,0.13,3.53,1.14,9.51,1.12,2.82,1.85,0.69,3.41,9.4,1.91,2.06,10.43,2.24,3.19,5.4,7.88,5.15,2.43,4.72,7.32,1.75,3.93,9.01,2.5,0.83,2.33,2.12,2.35,6.21,1.99,19.8,7.48,9.11,10.49,0,0
0.04,1.92,1.24,0.5,0.87,4.49,1.41,1.87,0.2,3.57,1.98,0.4,6.83,1.22,1.33,2.08,2.77,0.83,5.38,0.48,7.43,1.31,0.04,1.89,0.01,11.65,10.81,2.9,1.83,4.08,0.14,3.68,1.19,9.93,1.17,2.94,1.93,0.72,3.56,9.81,2,2.15,10.88,2.34,3.33,5.63,8.22,5.38,2.54,4.93,7.65,1.82,4.1,9.41,2.61,0.87,2.43,2.22,2.45,6.48,2.08,20.67,7.81,9.51,10.95,0,0
0.04,1.96,1.27,0.51,0.89,4.6,1.45,1.92,0.2,3.65,2.03,0.41,7,1.25,1.36,2.13,2.84,0.85,5.51,0.49,7.62,1.34,0.04,1.93,0.01,11.94,11.08,2.97,1.88,4.18,0.14,3.77,1.22,10.18,1.2,3.02,1.98,0.73,3.65,10.06,2.05,2.2,11.16,2.4,3.42,5.77,8.43,5.51,2.6,5.05,7.84,1.87,4.2,9.64,2.67,0.89,2.49,2.27,2.51,6.64,2.13,21.19,8,9.75,11.22,0,0
0.04,2.05,1.33,0.53,0.93,4.81,1.51,2.01,0.21,3.82,2.12,0.43,7.32,1.3,1.43,2.23,2.97,0.89,5.76,0.52,7.96,1.4,0.04,2.02,0.01,12.48,11.58,3.11,1.96,4.37,0.15,3.94,1.27,10.64,1.25,3.15,2.07,0.77,3.81,10.51,2.14,2.3,11.66,2.51,3.57,6.04,8.81,5.76,2.72,5.28,8.19,1.95,4.39,10.08,2.8,0.93,2.6,2.37,2.63,6.94,2.23,22.14,8.37,10.19,11.73,0,0
0.05,2.3,1.49,0.6,1.05,5.39,1.7,2.25,0.24,4.28,2.38,0.48,8.21,1.46,1.6,2.5,3.33,1,6.46,0.58,8.93,1.57,0.05,2.27,0.02,14,12.99,3.48,2.2,4.9,0.17,4.42,1.43,11.93,1.41,3.54,2.32,0.86,4.28,11.79,2.4,2.58,13.08,2.81,4.01,6.77,9.88,6.46,3.05,5.92,9.19,2.19,4.93,11.3,3.14,1.04,2.92,2.66,2.94,7.79,2.5,24.83,9.38,11.43,13.15,0,0
0.06,2.99,1.94,0.77,1.36,7,2.2,2.93,0.31,5.56,3.09,0.62,10.66,1.9,2.08,3.25,4.33,1.3,8.39,0.75,11.6,2.04,0.06,2.94,0.02,18.18,16.87,4.52,2.86,6.36,0.22,5.75,1.85,15.49,1.83,4.59,3.01,1.12,5.56,15.31,3.11,3.35,16.98,3.65,5.2,8.79,12.83,8.39,3.96,7.69,11.93,2.84,6.4,14.68,4.07,1.35,3.79,3.46,3.82,10.11,3.25,32.25,12.18,14.84,17.08,0,0
0.07,3.47,2.25,0.9,1.58,8.13,2.56,3.4,0.36,6.46,3.59,0.72,12.37,2.21,2.41,3.77,5.02,1.51,9.73,0.87,13.46,2.37,0.07,3.42,0.02,21.1,19.58,5.25,3.32,7.38,0.25,6.67,2.15,17.98,2.12,5.33,3.5,1.3,6.45,17.77,3.61,3.89,19.71,4.24,6.04,10.2,14.89,9.74,4.6,8.92,13.84,3.3,7.43,17.04,4.73,1.57,4.4,4.01,4.44,11.74,3.77,37.43,14.14,17.22,19.82,0,-14.94
0.07,3.44,2.23,0.89,1.56,8.07,2.54,3.37,0.35,6.41,3.56,0.72,12.28,2.19,2.39,3.74,4.98,1.5,9.66,0.86,13.36,2.35,0.07,3.39,0.02,20.94,19.43,5.21,3.29,7.33,0.25,6.62,2.13,17.84,2.1,5.29,3.47,1.29,6.4,17.63,3.59,3.86,19.56,4.21,5.99,10.12,14.78,9.66,4.57,8.86,13.74,3.28,7.37,16.91,4.69,1.56,4.37,3.98,4.4,11.65,3.74,37.15,14.03,17.09,19.67,-9.16,-34.44
0.06,3.22,2.09,0.84,1.46,7.55,2.37,3.15,0.33,6,3.33,0.67,11.49,2.05,2.24,3.5,4.66,1.4,9.04,0.81,12.5,2.2,0.06,3.17,0.02,19.6,18.18,4.88,3.08,6.86,0.24,6.19,2,16.7,1.97,4.95,3.25,1.21,5.99,16.5,3.36,3.61,18.31,3.94,5.61,9.48,13.83,9.04,4.27,8.29,12.86,3.07,6.9,15.82,4.39,1.46,4.09,3.73,4.12,10.9,3.5,34.77,13.13,16,18.41,-5.06,-13.98
0.06,2.8,1.81,0.73,1.27,6.55,2.06,2.74,0.29,5.21,2.9,0.58,9.98,1.78,1.94,3.04,4.05,1.22,7.85,0.7,10.86,1.91,0.06,2.75,0.02,17.01,15.79,4.23,2.68,5.95,0.21,5.38,1.73,14.5,1.71,4.3,2.82,1.05,5.2,14.33,2.91,3.14,15.89,3.42,4.87,8.23,12.01,7.85,3.71,7.2,11.16,2.66,5.99,13.74,3.81,1.27,3.55,3.24,3.58,9.46,3.04,30.18,11.4,13.89,15.98,-6.41,0
0.05,2.6,1.68,0.67,1.18,6.09,1.91,2.54,0.27,4.84,2.69,0.54,9.26,1.65,1.8,2.82,3.76,1.13,7.29,0.65,10.08,1.78,0.05,2.56,0.02,15.8,14.66,3.93,2.48,5.53,0.19,4.99,1.61,13.46,1.59,3.99,2.62,0.97,4.83,13.31,2.71,2.91,14.76,3.18,4.52,7.64,11.15,7.29,3.45,6.68,10.37,2.47,5.56,12.76,3.54,1.18,3.3,3.01,3.32,8.79,2.82,28.03,10.59,12.9,14.84,-7.81,0
0.06,2.97,1.92,0.77,1.35,6.96,2.19,2.91,0.3,5.53,3.07,0.62,10.59,1.89,2.06,3.23,4.3,1.29,8.33,0.75,11.52,2.03,0.06,2.92,0.02,18.06,16.76,4.5,2.84,6.32,0.22,5.71,1.84,15.39,1.82,4.56,2.99,1.11,5.52,15.21,3.09,3.33,16.87,3.63,5.17,8.73,12.75,8.33,3.94,7.64,11.85,2.83,6.36,14.58,4.05,1.35,3.77,3.44,3.8,10.05,3.23,32.04,12.11,14.75,16.97,-7.68,0
0.05,2.65,1.72,0.69,1.2,6.21,1.95,2.59,0.27,4.93,2.74,0.55,9.45,1.68,1.84,2.88,3.83,1.15,7.43,0.67,10.28,1.81,0.05,2.61,0.02,16.11,14.95,4.01,2.53,5.64,0.19,5.09,1.64,13.73,1.62,4.07,2.67,0.99,4.92,13.57,2.76,2.97,15.05,3.24,4.61,7.79,11.37,7.43,3.51,6.81,10.57,2.52,5.67,13.01,3.61,1.2,3.36,3.06,3.39,8.96,2.88,28.58,10.8,13.15,15.13,-4.79,0
0.05,2.47,1.6,0.64,1.12,5.78,1.82,2.42,0.25,4.6,2.55,0.51,8.8,1.57,1.71,2.68,3.57,1.07,6.93,0.62,9.58,1.69,0.05,2.43,0.02,15.01,13.93,3.74,2.36,5.25,0.18,4.75,1.53,12.79,1.51,3.79,2.49,0.92,4.59,12.64,2.57,2.77,14.03,3.02,4.3,7.26,10.6,6.93,3.27,6.35,9.85,2.35,5.29,12.12,3.36,1.12,3.13,2.86,3.16,8.35,2.68,26.64,10.06,12.26,14.11,-0.3,0
0.05,2.55,1.65,0.66,1.16,5.98,1.88,2.5,0.26,4.75,2.64,0.53,9.1,1.62,1.77,2.77,3.69,1.11,7.16,0.64,9.9,1.75,0.05,2.51,0.02,15.52,14.4,3.86,2.44,5.43,0.19,4.9,1.58,13.22,1.56,3.92,2.57,0.96,4.74,13.07,2.66,2.86,14.5,3.12,4.44,7.5,10.95,7.16,3.38,6.56,10.18,2.43,5.46,12.53,3.48,1.16,3.24,2.95,3.26,8.63,2.77,27.53,10.4,12.67,14.58,-8.78,0
0.05,2.39,1.55,0.62,1.09,5.6,1.76,2.34,0.25,4.45,2.47,0.5,8.52,1.52,1.66,2.6,3.46,1.04,6.71,0.6,9.27,1.63,0.05,2.35,0.02,14.54,13.49,3.62,2.29,5.09,0.18,4.59,1.48,12.39,1.46,3.67,2.41,0.89,4.44,12.24,2.49,2.68,13.58,2.92,4.16,7.03,10.26,6.71,3.17,6.15,9.54,2.27,5.12,11.74,3.26,1.08,3.03,2.76,3.06,8.09,2.6,25.79,9.74,11.87,13.66,-8.62,0
0.05,2.44,1.58,0.63,1.11,5.71,1.8,2.38,0.25,4.53,2.52,0.51,8.69,1.55,1.69,2.65,3.53,1.06,6.84,0.61,9.45,1.67,0.05,2.4,0.02,14.82,13.75,3.69,2.33,5.18,0.18,4.68,1.51,12.63,1.49,3.74,2.46,0.91,4.53,12.48,2.54,2.73,13.84,2.98,4.24,7.16,10.46,6.84,3.23,6.27,9.72,2.32,5.22,11.96,3.32,1.1,3.09,2.82,3.12,8.24,2.65,26.29,9.93,12.1,13.92,-8.49,0
0.05,2.34,1.52,0.61,1.06,5.48,1.72,2.29,0.24,4.35,2.42,0.49,8.34,1.49,1.62,2.54,3.39,1.02,6.56,0.59,9.08,1.6,0.05,2.3,0.02,14.23,13.2,3.54,2.24,4.98,0.17,4.5,1.45,12.12,1.43,3.6,2.36,0.88,4.35,11.98,2.44,2.62,13.29,2.86,4.07,6.88,10.04,6.57,3.1,6.02,9.34,2.23,5.01,11.49,3.19,1.06,2.97,2.71,2.99,7.91,2.54,25.24,9.54,11.62,13.37,-8.01,0
0.04,2.2,1.42,0.57,1,5.15,1.62,2.15,0.23,4.09,2.28,0.46,7.84,1.4,1.53,2.39,3.18,0.96,6.17,0.55,8.53,1.5,0.04,2.16,0.01,13.37,12.41,3.33,2.1,4.68,0.16,4.23,1.36,11.39,1.34,3.38,2.22,0.82,4.09,11.26,2.29,2.46,12.49,2.69,3.83,6.46,9.44,6.17,2.92,5.66,8.77,2.09,4.71,10.79,2.99,1,2.79,2.54,2.81,7.44,2.39,23.72,8.96,10.91,12.56,-7.83,0
0.04,2.19,1.42,0.57,0.99,5.13,1.61,2.14,0.22,4.07,2.27,0.45,7.81,1.39,1.52,2.38,3.17,0.95,6.14,0.55,8.49,1.5,0.04,2.16,0.01,13.31,12.35,3.31,2.09,4.66,0.16,4.21,1.36,11.34,1.34,3.36,2.21,0.82,4.07,11.21,2.28,2.45,12.44,2.68,3.81,6.44,9.4,6.14,2.9,5.63,8.74,2.08,4.69,10.75,2.98,0.99,2.78,2.53,2.8,7.41,2.38,23.62,8.92,10.87,12.51,-8.07,0
0.04,2.22,1.44,0.58,1.01,5.21,1.64,2.17,0.23,4.14,2.3,0.46,7.92,1.41,1.54,2.42,3.22,0.97,6.24,0.56,8.62,1.52,0.04,2.19,0.01,13.51,12.54,3.36,2.13,4.73,0.16,4.27,1.38,11.52,1.36,3.41,2.24,0.83,4.13,11.38,2.31,2.49,12.63,2.72,3.87,6.53,9.54,6.24,2.95,5.72,8.87,2.11,4.76,10.91,3.03,1.01,2.82,2.57,2.84,7.52,2.41,23.98,9.06,11.03,12.7,-8.39,0
0.04,2.08,1.35,0.54,0.94,4.87,1.53,2.04,0.21,3.87,2.15,0.43,7.42,1.32,1.44,2.26,3.01,0.91,5.84,0.52,8.07,1.42,0.04,2.05,0.01,12.65,11.74,3.15,1.99,4.43,0.15,4,1.29,10.78,1.27,3.2,2.1,0.78,3.87,10.66,2.17,2.33,11.82,2.54,3.62,6.12,8.93,5.84,2.76,5.35,8.3,1.98,4.45,10.22,2.83,0.94,2.64,2.41,2.66,7.04,2.26,22.45,8.48,10.33,11.89,-7.77,0
0.03,1.47,0.95,0.38,0.67,3.44,1.08,1.44,0.15,2.73,1.52,0.31,5.24,0.93,1.02,1.6,2.13,0.64,4.12,0.37,5.7,1,0.03,1.45,0.01,8.93,8.29,2.22,1.4,3.12,0.11,2.82,0.91,7.61,0.9,2.26,1.48,0.55,2.73,7.52,1.53,1.65,8.34,1.79,2.56,4.32,6.3,4.12,1.95,3.78,5.86,1.4,3.14,7.21,2,0.67,1.86,1.7,1.88,4.97,1.59,15.85,5.99,7.29,8.39,-8.22,0
0.02,1.24,0.8,0.32,0.56,2.9,0.91,1.21,0.13,2.31,1.28,0.26,4.42,0.79,0.86,1.35,1.79,0.54,3.48,0.31,4.81,0.85,0.02,1.22,0.01,7.53,6.99,1.87,1.18,2.64,0.09,2.38,0.77,6.42,0.76,1.9,1.25,0.46,2.3,6.34,1.29,1.39,7.04,1.51,2.16,3.64,5.32,3.48,1.64,3.19,4.94,1.18,2.65,6.08,1.69,0.56,1.57,1.43,1.58,4.19,1.35,13.37,5.05,6.15,7.08,-8.01,0
0.03,1.38,0.9,0.36,0.63,3.24,1.02,1.35,0.14,2.58,1.43,0.29,4.94,0.88,0.96,1.51,2,0.6,3.88,0.35,5.37,0.95,0.03,1.36,0.01,8.42,7.81,2.1,1.32,2.95,0.1,2.66,0.86,7.17,0.85,2.13,1.4,0.52,2.57,7.09,1.44,1.55,7.87,1.69,2.41,4.07,5.94,3.89,1.84,3.56,5.52,1.32,2.96,6.8,1.89,0.63,1.76,1.6,1.77,4.68,1.5,14.94,5.64,6.87,7.91,-8.14,0
0.04,2.02,1.31,0.52,0.92,4.73,1.49,1.98,0.21,3.76,2.09,0.42,7.2,1.28,1.4,2.19,2.92,0.88,5.66,0.51,7.83,1.38,0.04,1.99,0.01,12.27,11.39,3.05,1.93,4.29,0.15,3.88,1.25,10.46,1.23,3.1,2.04,0.76,3.75,10.34,2.1,2.26,11.47,2.47,3.51,5.93,8.66,5.66,2.68,5.19,8.05,1.92,4.32,9.91,2.75,0.91,2.56,2.33,2.58,6.83,2.19,21.78,8.23,10.02,11.53,-5.59,0
0.04,1.91,1.24,0.49,0.87,4.47,1.4,1.87,0.2,3.55,1.97,0.4,6.8,1.21,1.32,2.07,2.76,0.83,5.35,0.48,7.4,1.3,0.04,1.88,0.01,11.59,10.76,2.89,1.82,4.06,0.14,3.66,1.18,9.88,1.17,2.93,1.92,0.71,3.54,9.76,1.99,2.14,10.83,2.33,3.32,5.61,8.18,5.35,2.53,4.9,7.61,1.81,4.08,9.36,2.6,0.86,2.42,2.21,2.44,6.45,2.07,20.57,7.77,9.46,10.89,-7.25,0
0.04,1.93,1.25,0.5,0.88,4.53,1.42,1.89,0.2,3.6,2,0.4,6.89,1.23,1.34,2.1,2.8,0.84,5.42,0.49,7.5,1.32,0.04,1.9,0.01,11.76,10.91,2.93,1.85,4.11,0.14,3.72,1.2,10.02,1.18,2.97,1.95,0.72,3.59,9.9,2.01,2.17,10.98,2.36,3.36,5.68,8.3,5.43,2.56,4.97,7.72,1.84,4.14,9.49,2.63,0.88,2.45,2.24,2.47,6.54,2.1,20.86,7.88,9.6,11.05,-7.55,0
0.05,2.67,1.73,0.69,1.21,6.26,1.97,2.62,0.27,4.97,2.77,0.56,9.53,1.7,1.86,2.91,3.87,1.16,7.5,0.67,10.37,1.83,0.05,2.63,0.02,16.25,15.08,4.04,2.56,5.69,0.2,5.14,1.65,13.85,1.63,4.11,2.69,1,4.97,13.69,2.78,3,15.18,3.27,4.65,7.86,11.47,7.5,3.54,6.88,10.66,2.54,5.72,13.12,3.64,1.21,3.39,3.09,3.42,9.04,2.9,28.83,10.89,13.27,15.27,-6.88,0
0.06,3.02,1.96,0.78,1.37,7.07,2.23,2.96,0.31,5.62,3.13,0.63,10.77,1.92,2.1,3.28,4.37,1.31,8.47,0.76,11.72,2.07,0.06,2.97,0.02,18.37,17.04,4.57,2.89,6.43,0.22,5.8,1.87,15.65,1.85,4.64,3.05,1.13,5.61,15.47,3.15,3.38,17.16,3.69,5.25,8.88,12.96,8.48,4,7.77,12.05,2.87,6.47,14.83,4.11,1.37,3.83,3.49,3.86,10.22,3.28,32.58,12.31,14.99,17.25,-7.25,0
0.07,3.59,2.32,0.93,1.63,8.4,2.64,3.51,0.37,6.67,3.71,0.75,12.78,2.28,2.49,3.9,5.19,1.56,10.06,0.9,13.91,2.45,0.07,3.53,0.02,21.8,20.23,5.43,3.43,7.63,0.26,6.89,2.22,18.58,2.19,5.51,3.61,1.34,6.66,18.36,3.73,4.02,20.37,4.38,6.24,10.54,15.39,10.06,4.75,9.22,14.31,3.41,7.68,17.6,4.88,1.62,4.55,4.15,4.59,12.13,3.89,38.68,14.61,17.8,20.48,-4.51,-15.28
0.07,3.56,2.31,0.92,1.62,8.34,2.62,3.49,0.37,6.63,3.69,0.74,12.7,2.26,2.47,3.87,5.16,1.55,9.99,0.89,13.82,2.44,0.07,3.51,0.02,21.66,20.1,5.39,3.41,7.58,0.26,6.85,2.21,18.46,2.18,5.47,3.59,1.33,6.62,18.24,3.71,3.99,20.24,4.35,6.2,10.47,15.29,10,4.72,9.16,14.21,3.39,7.63,17.49,4.85,1.61,4.52,4.12,4.56,12.05,3.87,38.43,14.52,17.68,20.35,-3.36,-37.19
0.07,3.42,2.21,0.89,1.55,8.01,2.52,3.35,0.35,6.36,3.54,0.71,12.19,2.17,2.37,3.72,4.95,1.49,9.59,0.86,13.26,2.34,0.07,3.37,0.02,20.79,19.29,5.17,3.27,7.27,0.25,6.57,2.12,17.71,2.09,5.25,3.45,1.28,6.35,17.51,3.56,3.83,19.42,4.18,5.95,10.05,14.67,9.59,4.53,8.79,13.64,3.25,7.32,16.78,4.66,1.55,4.34,3.95,4.37,11.56,3.71,36.88,13.93,16.97,19.53,-7.16,-40.85
0.06,2.88,1.86,0.75,1.31,6.74,2.12,2.81,0.3,5.35,2.98,0.6,10.25,1.83,2,3.13,4.16,1.25,8.07,0.72,11.16,1.97,0.06,2.83,0.02,17.48,16.22,4.35,2.75,6.12,0.21,5.53,1.78,14.9,1.76,4.42,2.9,1.08,5.34,14.73,3,3.22,16.34,3.51,5,8.45,12.34,8.07,3.81,7.4,11.47,2.73,6.16,14.12,3.92,1.3,3.65,3.33,3.68,9.73,3.12,31.02,11.72,14.27,16.43,-2.01,-0.75
0.05,2.61,1.69,0.68,1.18,6.11,1.92,2.55,0.27,4.86,2.7,0.54,9.3,1.66,1.81,2.84,3.78,1.14,7.32,0.66,10.12,1.78,0.05,2.57,0.02,15.87,14.72,3.95,2.5,5.55,0.19,5.02,1.62,13.52,1.6,4.01,2.63,0.98,4.85,13.36,2.72,2.92,14.82,3.19,4.54,7.67,11.2,7.32,3.46,6.71,10.41,2.48,5.59,12.81,3.55,1.18,3.31,3.02,3.34,8.83,2.83,28.15,10.63,12.95,14.91,-2.53,0
0.06,2.98,1.93,0.77,1.35,6.99,2.2,2.92,0.31,5.55,3.09,0.62,10.64,1.9,2.07,3.24,4.32,1.3,8.37,0.75,11.57,2.04,0.06,2.94,0.02,18.14,16.83,4.51,2.85,6.35,0.22,5.73,1.85,15.46,1.82,4.58,3.01,1.12,5.54,15.28,3.11,3.34,16.95,3.65,5.19,8.77,12.81,8.37,3.96,7.67,11.9,2.84,6.39,14.65,4.06,1.35,3.78,3.45,3.82,10.09,3.24,32.18,12.16,14.81,17.04,-7.62,0
0.05,2.64,1.71,0.68,1.2,6.18,1.94,2.58,0.27,4.91,2.73,0.55,9.4,1.68,1.83,2.87,3.82,1.15,7.4,0.66,10.23,1.8,0.05,2.6,0.02,16.03,14.88,3.99,2.52,5.61,0.19,5.07,1.63,13.66,1.61,4.05,2.66,0.99,4.9,13.5,2.75,2.95,14.98,3.22,4.59,7.75,11.32,7.4,3.5,6.78,10.52,2.51,5.64,12.95,3.59,1.19,3.34,3.05,3.37,8.92,2.86,28.45,10.75,13.09,15.06,-7.62,0
0.05,2.48,1.61,0.64,1.13,5.81,1.83,2.43,0.25,4.61,2.56,0.52,8.84,1.58,1.72,2.69,3.59,1.08,6.95,0.62,9.62,1.69,0.05,2.44,0.02,15.07,13.99,3.75,2.37,5.27,0.18,4.76,1.53,12.84,1.52,3.81,2.5,0.93,4.61,12.69,2.58,2.78,14.08,3.03,4.31,7.29,10.64,6.96,3.29,6.38,9.89,2.36,5.31,12.17,3.38,1.12,3.14,2.87,3.17,8.38,2.69,26.74,10.1,12.3,14.16,-7.68,0
0.05,2.53,1.64,0.65,1.15,5.92,1.86,2.47,0.26,4.7,2.61,0.53,9.01,1.61,1.75,2.75,3.66,1.1,7.09,0.63,9.8,1.73,0.05,2.49,0.02,15.36,14.25,3.82,2.42,5.37,0.19,4.86,1.56,13.09,1.54,3.88,2.55,0.95,4.69,12.94,2.63,2.83,14.35,3.09,4.4,7.43,10.84,7.09,3.35,6.5,10.08,2.4,5.41,12.4,3.44,1.14,3.2,2.92,3.23,8.55,2.74,27.25,10.3,12.54,14.43,-7.81,0
0.05,2.36,1.53,0.61,1.07,5.52,1.74,2.3,0.24,4.38,2.44,0.49,8.4,1.5,1.64,2.56,3.41,1.03,6.61,0.59,9.14,1.61,0.05,2.32,0.02,14.32,13.29,3.56,2.25,5.01,0.17,4.53,1.46,12.2,1.44,3.62,2.37,0.88,4.38,12.06,2.45,2.64,13.38,2.88,4.1,6.92,10.11,6.61,3.12,6.06,9.4,2.24,5.04,11.56,3.21,1.07,2.99,2.72,3.01,7.97,2.56,25.41,9.6,11.69,13.45,-7.76,0
0.05,2.35,1.52,0.61,1.07,5.51,1.73,2.3,0.24,4.38,2.44,0.49,8.39,1.5,1.63,2.56,3.41,1.02,6.6,0.59,9.13,1.61,0.05,2.32,0.02,14.31,13.28,3.56,2.25,5.01,0.17,4.52,1.46,12.2,1.44,3.62,2.37,0.88,4.37,12.05,2.45,2.64,13.37,2.88,4.1,6.92,10.1,6.6,3.12,6.05,9.39,2.24,5.04,11.56,3.21,1.07,2.99,2.72,3.01,7.96,2.56,25.39,9.59,11.68,13.45,-7.89,0
0.05,2.34,1.52,0.61,1.06,5.49,1.73,2.29,0.24,4.36,2.42,0.49,8.35,1.49,1.63,2.55,3.39,1.02,6.57,0.59,9.09,1.6,0.05,2.31,0.02,14.24,13.21,3.54,2.24,4.98,0.17,4.5,1.45,12.13,1.43,3.6,2.36,0.88,4.35,11.99,2.44,2.62,13.3,2.86,4.07,6.89,10.05,6.57,3.11,6.02,9.34,2.23,5.01,11.5,3.19,1.06,2.97,2.71,2.99,7.92,2.54,25.26,9.54,11.62,13.38,-7.71,0
0.05,2.3,1.49,0.6,1.05,5.4,1.7,2.25,0.24,4.29,2.38,0.48,8.22,1.46,1.6,2.5,3.34,1,6.46,0.58,8.94,1.58,0.05,2.27,0.02,14.01,13,3.49,2.2,4.9,0.17,4.43,1.43,11.94,1.41,3.54,2.32,0.86,4.28,11.8,2.4,2.58,13.09,2.82,4.01,6.77,9.89,6.47,3.06,5.93,9.19,2.19,4.93,11.31,3.14,1.04,2.92,2.66,2.95,7.79,2.5,24.86,9.39,11.44,13.16,-7.64,0
0.04,2.18,1.41,0.57,0.99,5.11,1.61,2.13,0.22,4.06,2.26,0.45,7.78,1.39,1.51,2.37,3.16,0.95,6.12,0.55,8.46,1.49,0.04,2.15,0.01,13.26,12.31,3.3,2.09,4.64,0.16,4.19,1.35,11.3,1.33,3.35,2.2,0.82,4.05,11.17,2.27,2.44,12.39,2.67,3.8,6.41,9.36,6.12,2.89,5.61,8.7,2.07,4.67,10.71,2.97,0.99,2.77,2.52,2.79,7.38,2.37,23.53,8.89,10.83,12.46,-6.14,0
0.04,2.19,1.42,0.57,0.99,5.12,1.61,2.14,0.22,4.07,2.26,0.45,7.8,1.39,1.52,2.38,3.17,0.95,6.13,0.55,8.48,1.5,0.04,2.15,0.01,13.3,12.34,3.31,2.09,4.65,0.16,4.2,1.35,11.33,1.34,3.36,2.2,0.82,4.06,11.2,2.28,2.45,12.42,2.67,3.8,6.43,9.39,6.14,2.9,5.62,8.73,2.08,4.68,10.74,2.98,0.99,2.77,2.53,2.8,7.4,2.37,23.59,8.91,10.86,12.49,-0.01,0
0.04,2,1.3,0.52,0.91,4.68,1.47,1.96,0.21,3.72,2.07,0.42,7.13,1.27,1.39,2.17,2.89,0.87,5.61,0.5,7.76,1.37,0.04,1.97,0.01,12.16,11.28,3.03,1.91,4.25,0.15,3.84,1.24,10.36,1.22,3.07,2.02,0.75,3.72,10.24,2.08,2.24,11.36,2.44,3.48,5.88,8.58,5.61,2.65,5.14,7.98,1.9,4.28,9.82,2.72,0.91,2.54,2.31,2.56,6.76,2.17,21.57,8.15,9.93,11.42,-1.35,0
0.03,1.42,0.92,0.37,0.65,3.33,1.05,1.39,0.15,2.65,1.47,0.3,5.07,0.9,0.99,1.55,2.06,0.62,3.99,0.36,5.52,0.97,0.03,1.4,0.01,8.65,8.03,2.15,1.36,3.03,0.1,2.73,0.88,7.37,0.87,2.19,1.43,0.53,2.64,7.28,1.48,1.59,8.08,1.74,2.47,4.18,6.1,3.99,1.89,3.66,5.68,1.35,3.04,6.98,1.94,0.64,1.8,1.64,1.82,4.81,1.54,15.34,5.8,7.06,8.13,-8.63,0
0.02,1.26,0.81,0.33,0.57,2.94,0.92,1.23,0.13,2.34,1.3,0.26,4.48,0.8,0.87,1.36,1.82,0.55,3.52,0.32,4.87,0.86,0.02,1.24,0.01,7.63,7.08,1.9,1.2,2.67,0.09,2.41,0.78,6.5,0.77,1.93,1.27,0.47,2.33,6.43,1.31,1.41,7.13,1.53,2.18,3.69,5.39,3.52,1.66,3.23,5.01,1.19,2.69,6.16,1.71,0.57,1.59,1.45,1.61,4.25,1.36,13.54,5.12,6.23,7.17,-8.44,0
0.03,1.37,0.89,0.36,0.62,3.22,1.01,1.34,0.14,2.56,1.42,0.29,4.9,0.87,0.95,1.49,1.99,0.6,3.85,0.34,5.33,0.94,0.03,1.35,0.01,8.35,7.75,2.08,1.31,2.92,0.1,2.64,0.85,7.12,0.84,2.11,1.38,0.51,2.55,7.03,1.43,1.54,7.8,1.68,2.39,4.04,5.9,3.85,1.82,3.53,5.48,1.31,2.94,6.74,1.87,0.62,1.74,1.59,1.76,4.65,1.49,14.82,5.6,6.82,7.85,-8.45,0
0.04,1.89,1.22,0.49,0.86,4.41,1.39,1.84,0.19,3.51,1.95,0.39,6.72,1.2,1.31,2.05,2.73,0.82,5.29,0.47,7.31,1.29,0.04,1.86,0.01,11.46,10.63,2.85,1.8,4.01,0.14,3.62,1.17,9.76,1.15,2.9,1.9,0.71,3.5,9.65,1.96,2.11,10.71,2.3,3.28,5.54,8.09,5.29,2.5,4.85,7.52,1.79,4.03,9.25,2.57,0.85,2.39,2.18,2.41,6.37,2.05,20.33,7.68,9.35,10.77,-8.21,0
0.04,1.81,1.17,0.47,0.82,4.23,1.33,1.77,0.19,3.36,1.87,0.38,6.44,1.15,1.25,1.96,2.61,0.79,5.06,0.45,7,1.23,0.04,1.78,0.01,10.98,10.19,2.73,1.73,3.84,0.13,3.47,1.12,9.35,1.1,2.77,1.82,0.68,3.35,9.24,1.88,2.02,10.25,2.21,3.14,5.31,7.75,5.07,2.39,4.64,7.2,1.72,3.86,8.86,2.46,0.82,2.29,2.09,2.31,6.11,1.96,19.47,7.36,8.96,10.31,-8.41,0
0.04,1.82,1.18,0.47,0.83,4.26,1.34,1.78,0.19,3.39,1.88,0.38,6.49,1.16,1.26,1.98,2.63,0.79,5.11,0.46,7.06,1.24,0.04,1.79,0.01,11.07,10.27,2.76,1.74,3.87,0.13,3.5,1.13,9.43,1.11,2.8,1.84,0.68,3.38,9.32,1.9,2.04,10.34,2.22,3.17,5.35,7.81,5.11,2.41,4.68,7.26,1.73,3.9,8.94,2.48,0.82,2.31,2.11,2.33,6.16,1.98,19.64,7.42,9.04,10.4,-8.31,0
0.04,2.12,1.37,0.55,0.96,4.95,1.56,2.07,0.22,3.94,2.19,0.44,7.54,1.34,1.47,2.3,3.06,0.92,5.93,0.53,8.2,1.45,0.04,2.08,0.01,12.86,11.93,3.2,2.02,4.5,0.16,4.06,1.31,10.96,1.29,3.25,2.13,0.79,3.93,10.83,2.2,2.37,12.01,2.58,3.68,6.22,9.08,5.93,2.8,5.44,8.44,2.01,4.53,10.38,2.88,0.96,2.68,2.45,2.7,7.15,2.3,22.81,8.62,10.5,12.08,-8.43,0
0.06,2.83,1.83,0.73,1.28,6.63,2.09,2.77,0.29,5.27,2.93,0.59,10.09,1.8,1.97,3.08,4.1,1.23,7.94,0.71,10.98,1.93,0.06,2.79,0.02,17.21,15.97,4.28,2.71,6.02,0.21,5.44,1.75,14.66,1.73,4.35,2.85,1.06,5.26,14.49,2.95,3.17,16.08,3.46,4.92,8.32,12.15,7.94,3.75,7.28,11.29,2.69,6.06,13.89,3.85,1.28,3.59,3.27,3.62,9.57,3.07,30.53,11.53,14.05,16.17,-5.57,0
0.07,3.42,2.21,0.89,1.55,8.01,2.52,3.35,0.35,6.36,3.54,0.71,12.19,2.17,2.37,3.72,4.95,1.49,9.59,0.86,13.26,2.34,0.07,3.37,0.02,20.79,19.29,5.17,3.27,7.27,0.25,6.57,2.12,17.71,2.09,5.25,3.45,1.28,6.35,17.51,3.56,3.83,19.42,4.18,5.95,10.05,14.67,9.59,4.53,8.79,13.64,3.25,7.32,16.78,4.66,1.55,4.34,3.95,4.37,11.56,3.71,36.88,13.93,16.97,19.53,0,-18.23
0.06,3.17,2.05,0.82,1.44,7.42,2.33,3.1,0.32,5.89,3.28,0.66,11.29,2.01,2.2,3.44,4.58,1.38,8.88,0.79,12.28,2.16,0.06,3.12,0.02,19.25,17.86,4.79,3.03,6.73,0.23,6.08,1.96,16.4,1.94,4.86,3.19,1.18,5.88,16.21,3.3,3.55,17.99,3.87,5.51,9.31,13.59,8.88,4.2,8.14,12.63,3.01,6.78,15.54,4.31,1.43,4.02,3.66,4.05,10.71,3.44,34.15,12.9,15.72,18.09,0,-21.81
0.06,3.18,2.06,0.82,1.44,7.45,2.34,3.11,0.33,5.92,3.29,0.66,11.34,2.02,2.21,3.46,4.6,1.38,8.93,0.8,12.34,2.18,0.06,3.13,0.02,19.35,17.95,4.81,3.04,6.77,0.23,6.11,1.97,16.48,1.94,4.89,3.21,1.19,5.91,16.29,3.31,3.57,18.07,3.89,5.54,9.35,13.66,8.93,4.22,8.18,12.69,3.03,6.81,15.62,4.33,1.44,4.04,3.68,4.07,10.76,3.45,34.32,12.97,15.79,18.17,0,0
0.05,2.69,1.74,0.7,1.22,6.31,1.98,2.64,0.28,5.01,2.79,0.56,9.6,1.71,1.87,2.93,3.9,1.17,7.56,0.68,10.45,1.84,0.05,2.65,0.02,16.38,15.2,4.08,2.58,5.73,0.2,5.18,1.67,13.96,1.65,4.14,2.72,1.01,5.01,13.79,2.81,3.02,15.3,3.29,4.69,7.92,11.56,7.56,3.57,6.93,10.75,2.56,5.77,13.23,3.67,1.22,3.42,3.12,3.45,9.11,2.92,29.06,10.98,13.37,15.39,0,0
0.05,2.5,1.62,0.65,1.13,5.85,1.84,2.44,0.26,4.65,2.58,0.52,8.9,1.59,1.73,2.71,3.61,1.09,7,0.63,9.69,1.71,0.05,2.46,0.02,15.18,14.09,3.78,2.39,5.31,0.18,4.8,1.55,12.94,1.53,3.84,2.52,0.93,4.64,12.79,2.6,2.8,14.18,3.05,4.34,7.34,10.72,7.01,3.31,6.42,9.96,2.37,5.34,12.26,3.4,1.13,3.17,2.89,3.19,8.44,2.71,26.93,10.17,12.39,14.26,0,0
0.06,2.89,1.87,0.75,1.31,6.76,2.13,2.82,0.3,5.37,2.99,0.6,10.29,1.83,2,3.14,4.18,1.26,8.09,0.72,11.19,1.97,0.06,2.84,0.02,17.54,16.28,4.37,2.76,6.14,0.21,5.54,1.79,14.95,1.76,4.43,2.91,1.08,5.36,14.77,3,3.23,16.39,3.53,5.02,8.48,12.38,8.09,3.83,7.42,11.51,2.74,6.18,14.16,3.93,1.31,3.66,3.34,3.69,9.76,3.13,31.12,11.76,14.32,16.48,0,0
0.05,2.54,1.64,0.66,1.15,5.94,1.87,2.48,0.26,4.72,2.63,0.53,9.05,1.61,1.76,2.76,3.67,1.1,7.12,0.64,9.84,1.73,0.05,2.5,0.02,15.43,14.32,3.84,2.43,5.4,0.19,4.88,1.57,13.15,1.55,3.9,2.56,0.95,4.71,12.99,2.64,2.84,14.41,3.1,4.41,7.46,10.89,7.12,3.36,6.53,10.12,2.41,5.43,12.46,3.46,1.15,3.22,2.93,3.24,8.58,2.75,27.37,10.34,12.59,14.49,0,0
0.05,2.42,1.56,0.63,1.1,5.66,1.78,2.36,0.25,4.49,2.5,0.5,8.61,1.54,1.68,2.63,3.5,1.05,6.77,0.61,9.37,1.65,0.05,2.38,0.02,14.68,13.63,3.65,2.31,5.14,0.18,4.64,1.5,12.51,1.48,3.71,2.43,0.9,4.49,12.37,2.52,2.71,13.72,2.95,4.2,7.1,10.36,6.78,3.2,6.21,9.64,2.3,5.17,11.86,3.29,1.09,3.06,2.79,3.09,8.17,2.62,26.05,9.84,11.99,13.8,0,0
0.05,2.5,1.62,0.65,1.14,5.86,1.84,2.45,0.26,4.66,2.59,0.52,8.92,1.59,1.74,2.72,3.62,1.09,7.02,0.63,9.71,1.71,0.05,2.46,0.02,15.21,14.11,3.79,2.39,5.32,0.18,4.81,1.55,12.96,1.53,3.84,2.52,0.94,4.65,12.81,2.61,2.8,14.21,3.06,4.35,7.35,10.74,7.02,3.32,6.43,9.98,2.38,5.35,12.28,3.41,1.13,3.17,2.89,3.2,8.46,2.72,26.99,10.19,12.42,14.29,0,0
0.05,2.34,1.51,0.61,1.06,5.48,1.72,2.29,0.24,4.35,2.42,0.49,8.34,1.49,1.62,2.54,3.38,1.02,6.56,0.59,9.07,1.6,0.05,2.3,0.02,14.22,13.19,3.54,2.24,4.97,0.17,4.49,1.45,12.11,1.43,3.59,2.36,0.87,4.34,11.97,2.44,2.62,13.28,2.86,4.07,6.87,10.04,6.56,3.1,6.01,9.33,2.22,5,11.48,3.18,1.06,2.97,2.7,2.99,7.91,2.54,25.22,9.53,11.61,13.36,-7.37,0
0.05,2.35,1.52,0.61,1.07,5.5,1.73,2.3,0.24,4.37,2.43,0.49,8.37,1.49,1.63,2.55,3.4,1.02,6.58,0.59,9.1,1.6,0.05,2.31,0.02,14.27,13.24,3.55,2.24,4.99,0.17,4.51,1.45,12.16,1.43,3.61,2.37,0.88,4.36,12.02,2.44,2.63,13.33,2.87,4.08,6.9,10.07,6.58,3.11,6.04,9.36,2.23,5.02,11.52,3.2,1.06,2.98,2.71,3,7.94,2.55,25.31,9.56,11.65,13.41,-5.71,0
0.05,2.33,1.51,0.6,1.06,5.46,1.72,2.28,0.24,4.33,2.41,0.48,8.3,1.48,1.62,2.53,3.37,1.01,6.53,0.58,9.04,1.59,0.05,2.29,0.02,14.16,13.14,3.52,2.23,4.95,0.17,4.48,1.44,12.07,1.42,3.58,2.35,0.87,4.33,11.93,2.43,2.61,13.23,2.85,4.05,6.85,10,6.54,3.09,5.99,9.29,2.22,4.99,11.43,3.17,1.05,2.95,2.69,2.98,7.88,2.53,25.12,9.49,11.56,13.3,-8.52,0
0.05,2.28,1.48,0.59,1.04,5.35,1.68,2.23,0.23,4.25,2.36,0.47,8.14,1.45,1.59,2.48,3.31,0.99,6.41,0.57,8.86,1.56,0.05,2.25,0.02,13.89,12.88,3.46,2.18,4.86,0.17,4.39,1.41,11.83,1.4,3.51,2.3,0.85,4.24,11.69,2.38,2.56,12.97,2.79,3.97,6.71,9.8,6.41,3.03,5.87,9.11,2.17,4.89,11.21,3.11,1.03,2.9,2.64,2.92,7.72,2.48,24.64,9.31,11.34,13.05,-8.46,0
0.04,2.19,1.42,0.57,0.99,5.13,1.61,2.14,0.22,4.08,2.27,0.46,7.81,1.39,1.52,2.38,3.17,0.95,6.15,0.55,8.5,1.5,0.04,2.16,0.01,13.33,12.37,3.32,2.1,4.66,0.16,4.21,1.36,11.36,1.34,3.37,2.21,0.82,4.07,11.22,2.28,2.46,12.45,2.68,3.81,6.44,9.41,6.15,2.91,5.64,8.75,2.08,4.69,10.76,2.98,0.99,2.78,2.53,2.8,7.41,2.38,23.64,8.93,10.88,12.52,-8.48,0
0.04,2.22,1.44,0.58,1.01,5.21,1.64,2.18,0.23,4.14,2.3,0.46,7.93,1.41,1.54,2.42,3.22,0.97,6.24,0.56,8.63,1.52,0.04,2.19,0.01,13.52,12.55,3.37,2.13,4.73,0.16,4.27,1.38,11.52,1.36,3.42,2.24,0.83,4.13,11.39,2.32,2.49,12.63,2.72,3.87,6.54,9.55,6.24,2.95,5.72,8.87,2.12,4.76,10.92,3.03,1.01,2.82,2.57,2.84,7.52,2.41,23.99,9.06,11.04,12.7,-8.31,0
0.04,2.16,1.4,0.56,0.98,5.05,1.59,2.11,0.22,4.01,2.23,0.45,7.69,1.37,1.5,2.35,3.12,0.94,6.05,0.54,8.37,1.48,0.04,2.12,0.01,13.12,12.17,3.26,2.06,4.59,0.16,4.15,1.34,11.18,1.32,3.31,2.17,0.81,4.01,11.05,2.25,2.42,12.26,2.64,3.75,6.34,9.26,6.05,2.86,5.55,8.61,2.05,4.62,10.59,2.94,0.98,2.74,2.5,2.76,7.3,2.34,23.27,8.79,10.71,12.32,-8.3,0
0.03,1.49,0.97,0.39,0.68,3.5,1.1,1.46,0.15,2.78,1.55,0.31,5.32,0.95,1.04,1.62,2.16,0.65,4.19,0.38,5.79,1.02,0.03,1.47,0.01,9.08,8.43,2.26,1.43,3.18,0.11,2.87,0.92,7.74,0.91,2.29,1.51,0.56,2.78,7.65,1.56,1.67,8.48,1.82,2.6,4.39,6.41,4.19,1.98,3.84,5.96,1.42,3.2,7.33,2.03,0.68,1.89,1.73,1.91,5.05,1.62,16.11,6.09,7.41,8.53,-8.73,0
0.03,1.33,0.86,0.34,0.6,3.11,0.98,1.3,0.14,2.47,1.37,0.28,4.73,0.84,0.92,1.44,1.92,0.58,3.72,0.33,5.15,0.91,0.03,1.31,0.01,8.07,7.49,2.01,1.27,2.82,0.1,2.55,0.82,6.88,0.81,2.04,1.34,0.5,2.47,6.8,1.38,1.49,7.54,1.62,2.31,3.9,5.7,3.72,1.76,3.41,5.3,1.26,2.84,6.52,1.81,0.6,1.68,1.53,1.7,4.49,1.44,14.32,5.41,6.59,7.58,-7.96,0
0.03,1.54,1,0.4,0.7,3.6,1.13,1.5,0.16,2.86,1.59,0.32,5.48,0.98,1.07,1.67,2.22,0.67,4.31,0.39,5.96,1.05,0.03,1.51,0.01,9.35,8.67,2.33,1.47,3.27,0.11,2.95,0.95,7.96,0.94,2.36,1.55,0.58,2.86,7.87,1.6,1.72,8.73,1.88,2.67,4.52,6.6,4.31,2.04,3.95,6.13,1.46,3.29,7.55,2.09,0.7,1.95,1.78,1.97,5.2,1.67,16.58,6.26,7.63,8.78,-8.14,0
0.04,1.94,1.26,0.5,0.88,4.55,1.43,1.9,0.2,3.62,2.01,0.4,6.93,1.24,1.35,2.11,2.81,0.85,5.45,0.49,7.54,1.33,0.04,1.91,0.01,11.82,10.97,2.94,1.86,4.13,0.14,3.73,1.2,10.07,1.19,2.99,1.96,0.73,3.61,9.95,2.02,2.18,11.04,2.37,3.38,5.71,8.34,5.45,2.58,5,7.75,1.85,4.16,9.54,2.65,0.88,2.47,2.25,2.49,6.57,2.11,20.97,7.92,9.65,11.1,-7.98,0
0.04,1.8,1.17,0.47,0.82,4.22,1.33,1.76,0.19,3.35,1.87,0.37,6.43,1.15,1.25,1.96,2.61,0.78,5.06,0.45,6.99,1.23,0.04,1.77,0.01,10.96,10.17,2.73,1.72,3.83,0.13,3.46,1.12,9.34,1.1,2.77,1.82,0.67,3.35,9.23,1.88,2.02,10.24,2.2,3.14,5.3,7.74,5.06,2.39,4.64,7.19,1.71,3.86,8.85,2.45,0.82,2.29,2.08,2.31,6.1,1.96,19.44,7.35,8.95,10.3,-8,0
0.04,1.99,1.29,0.52,0.91,4.67,1.47,1.95,0.2,3.71,2.06,0.41,7.11,1.27,1.38,2.17,2.89,0.87,5.59,0.5,7.74,1.36,0.04,1.96,0.01,12.13,11.25,3.02,1.91,4.24,0.15,3.83,1.23,10.33,1.22,3.06,2.01,0.75,3.71,10.21,2.08,2.23,11.33,2.44,3.47,5.86,8.56,5.6,2.64,5.13,7.96,1.9,4.27,9.79,2.72,0.9,2.53,2.31,2.55,6.75,2.17,21.51,8.13,9.9,11.39,-7.12,0
0.04,2.16,1.4,0.56,0.98,5.05,1.59,2.11,0.22,4.01,2.23,0.45,7.69,1.37,1.5,2.34,3.12,0.94,6.05,0.54,8.37,1.47,0.04,2.12,0.01,13.11,12.17,3.26,2.06,4.59,0.16,4.14,1.33,11.17,1.32,3.31,2.17,0.81,4.01,11.04,2.25,2.42,12.25,2.63,3.75,6.34,9.25,6.05,2.86,5.55,8.6,2.05,4.62,10.59,2.94,0.98,2.74,2.49,2.76,7.29,2.34,23.26,8.79,10.7,12.32,-7.78,0
0.06,3.04,1.97,0.79,1.38,7.11,2.24,2.97,0.31,5.65,3.14,0.63,10.82,1.93,2.11,3.3,4.39,1.32,8.51,0.76,11.77,2.07,0.06,2.99,0.02,18.45,17.12,4.59,2.9,6.45,0.22,5.83,1.88,15.72,1.85,4.66,3.06,1.14,5.64,15.54,3.16,3.4,17.24,3.71,5.28,8.92,13.02,8.51,4.02,7.8,12.11,2.89,6.5,14.9,4.13,1.37,3.85,3.51,3.88,10.26,3.29,32.73,12.37,15.06,17.33,-7.66,-10.83
0.07,3.63,2.35,0.94,1.65,8.5,2.67,3.55,0.37,6.75,3.75,0.75,12.93,2.31,2.52,3.94,5.25,1.58,10.18,0.91,14.08,2.48,0.07,3.57,0.02,22.06,20.47,5.49,3.47,7.72,0.27,6.97,2.25,18.8,2.22,5.57,3.66,1.36,6.74,18.58,3.78,4.07,20.61,4.43,6.31,10.67,15.57,10.18,4.81,9.33,14.48,3.45,7.77,17.81,4.94,1.64,4.6,4.2,4.64,12.27,3.94,39.14,14.79,18.01,20.72,-7.44,-45.74
0.07,3.6,2.33,0.93,1.64,8.44,2.65,3.53,0.37,6.7,3.73,0.75,12.84,2.29,2.5,3.92,5.21,1.57,10.11,0.9,13.98,2.46,0.07,3.55,0.02,21.9,20.33,5.45,3.44,7.66,0.26,6.92,2.23,18.66,2.2,5.53,3.63,1.35,6.69,18.45,3.75,4.04,20.46,4.4,6.27,10.59,15.46,10.11,4.78,9.27,14.37,3.43,7.71,17.69,4.91,1.63,4.57,4.17,4.61,12.18,3.91,38.86,14.68,17.88,20.58,-7.35,-39.69
0.06,3.21,2.08,0.83,1.45,7.51,2.36,3.14,0.33,5.96,3.32,0.67,11.42,2.04,2.23,3.48,4.64,1.39,8.99,0.8,12.43,2.19,0.06,3.16,0.02,19.48,18.08,4.85,3.06,6.82,0.24,6.16,1.98,16.6,1.96,4.92,3.23,1.2,5.95,16.41,3.34,3.59,18.2,3.92,5.57,9.42,13.75,8.99,4.25,8.24,12.79,3.05,6.86,15.73,4.36,1.45,4.06,3.71,4.1,10.84,3.48,34.57,13.06,15.91,18.31,-5.98,-12.94
0.05,2.71,1.75,0.7,1.23,6.34,1.99,2.65,0.28,5.04,2.8,0.56,9.65,1.72,1.88,2.94,3.92,1.18,7.59,0.68,10.5,1.85,0.05,2.66,0.02,16.46,15.27,4.1,2.59,5.76,0.2,5.2,1.68,14.02,1.65,4.16,2.73,1.01,5.03,13.86,2.82,3.03,15.38,3.31,4.71,7.96,11.62,7.59,3.59,6.96,10.8,2.57,5.79,13.29,3.69,1.23,3.43,3.13,3.46,9.15,2.94,29.2,11.03,13.44,15.46,0,0
0.05,2.51,1.62,0.65,1.14,5.87,1.85,2.45,0.26,4.66,2.59,0.52,8.93,1.59,1.74,2.72,3.63,1.09,7.03,0.63,9.72,1.71,0.05,2.47,0.02,15.24,14.14,3.79,2.4,5.33,0.18,4.82,1.55,12.98,1.53,3.85,2.53,0.94,4.66,12.83,2.61,2.81,14.24,3.06,4.36,7.37,10.76,7.03,3.32,6.45,10,2.38,5.36,12.3,3.41,1.13,3.18,2.9,3.2,8.48,2.72,27.03,10.21,12.44,14.32,-1.29,0
0.06,2.86,1.85,0.74,1.3,6.7,2.11,2.8,0.29,5.32,2.96,0.59,10.19,1.82,1.99,3.11,4.14,1.24,8.02,0.72,11.09,1.95,0.06,2.82,0.02,17.38,16.13,4.33,2.73,6.08,0.21,5.49,1.77,14.81,1.75,4.39,2.88,1.07,5.31,14.64,2.98,3.2,16.24,3.49,4.97,8.41,12.27,8.02,3.79,7.35,11.41,2.72,6.12,14.04,3.89,1.29,3.63,3.31,3.66,9.67,3.1,30.84,11.65,14.19,16.33,-7.44,0
0.05,2.52,1.63,0.65,1.14,5.9,1.86,2.46,0.26,4.69,2.61,0.52,8.98,1.6,1.75,2.74,3.65,1.1,7.07,0.63,9.77,1.72,0.05,2.48,0.02,15.31,14.21,3.81,2.41,5.36,0.18,4.84,1.56,13.05,1.54,3.87,2.54,0.94,4.68,12.9,2.62,2.82,14.31,3.08,4.38,7.4,10.81,7.07,3.34,6.48,10.05,2.4,5.39,12.37,3.43,1.14,3.19,2.91,3.22,8.52,2.73,27.17,10.26,12.5,14.39,-7.58,0
0.05,2.34,1.52,0.61,1.06,5.49,1.73,2.29,0.24,4.36,2.43,0.49,8.36,1.49,1.63,2.55,3.39,1.02,6.58,0.59,9.1,1.6,0.05,2.31,0.02,14.26,13.23,3.55,2.24,4.99,0.17,4.51,1.45,12.15,1.43,3.6,2.36,0.88,4.36,12.01,2.44,2.63,13.32,2.86,4.08,6.89,10.06,6.58,3.11,6.03,9.35,2.23,5.02,11.51,3.19,1.06,2.97,2.71,3,7.93,2.55,25.29,9.55,11.64,13.39,-7.82,0
0.05,2.41,1.56,0.63,1.1,5.65,1.78,2.36,0.25,4.49,2.5,0.5,8.6,1.53,1.68,2.62,3.49,1.05,6.77,0.61,9.36,1.65,0.05,2.38,0.02,14.67,13.62,3.65,2.31,5.13,0.18,4.64,1.49,12.5,1.48,3.71,2.43,0.9,4.48,12.36,2.51,2.7,13.71,2.95,4.2,7.09,10.36,6.77,3.2,6.21,9.63,2.3,5.17,11.85,3.29,1.09,3.06,2.79,3.09,8.16,2.62,26.03,9.83,11.98,13.79,-7.57,0
0.04,2.27,1.47,0.59,1.03,5.32,1.67,2.22,0.23,4.22,2.35,0.47,8.09,1.44,1.58,2.47,3.29,0.99,6.37,0.57,8.81,1.55,0.04,2.24,0.01,13.8,12.81,3.44,2.17,4.83,0.17,4.36,1.41,11.76,1.39,3.49,2.29,0.85,4.22,11.63,2.36,2.54,12.9,2.77,3.95,6.67,9.74,6.37,3.01,5.84,9.06,2.16,4.86,11.15,3.09,1.03,2.88,2.63,2.9,7.68,2.47,24.49,9.25,11.27,12.97,-7.78,0
0.05,2.32,1.5,0.6,1.05,5.44,1.71,2.27,0.24,4.32,2.4,0.48,8.28,1.48,1.61,2.52,3.36,1.01,6.51,0.58,9.01,1.59,0.05,2.29,0.02,14.12,13.1,3.51,2.22,4.94,0.17,4.46,1.44,12.03,1.42,3.57,2.34,0.87,4.32,11.89,2.42,2.6,13.19,2.84,4.04,6.83,9.97,6.52,3.08,5.97,9.27,2.21,4.97,11.4,3.16,1.05,2.95,2.69,2.97,7.85,2.52,25.05,9.46,11.53,13.27,-3.86,0
0.05,2.34,1.51,0.61,1.06,5.47,1.72,2.29,0.24,4.35,2.42,0.49,8.33,1.49,1.62,2.54,3.38,1.02,6.56,0.59,9.07,1.6,0.05,2.3,0.02,14.21,13.19,3.54,2.23,4.97,0.17,4.49,1.45,12.11,1.43,3.59,2.36,0.87,4.34,11.97,2.43,2.62,13.28,2.86,4.07,6.87,10.03,6.56,3.1,6.01,9.32,2.22,5,11.47,3.18,1.06,2.96,2.7,2.99,7.9,2.54,25.21,9.52,11.6,13.35,-2.12,0
0.04,2.27,1.47,0.59,1.03,5.32,1.67,2.22,0.23,4.23,2.35,0.47,8.1,1.44,1.58,2.47,3.29,0.99,6.37,0.57,8.81,1.55,0.04,2.24,0.01,13.81,12.81,3.44,2.17,4.83,0.17,4.36,1.41,11.77,1.39,3.49,2.29,0.85,4.22,11.63,2.37,2.55,12.9,2.78,3.95,6.68,9.75,6.37,3.01,5.84,9.06,2.16,4.86,11.15,3.09,1.03,2.88,2.63,2.9,7.68,2.47,24.5,9.26,11.27,12.97,-3.8,0
0.05,2.36,1.53,0.61,1.07,5.52,1.74,2.31,0.24,4.39,2.44,0.49,8.4,1.5,1.64,2.56,3.41,1.03,6.61,0.59,9.14,1.61,0.05,2.32,0.02,14.33,13.3,3.57,2.25,5.01,0.17,4.53,1.46,12.21,1.44,3.62,2.38,0.88,4.38,12.07,2.45,2.64,13.39,2.88,4.1,6.93,10.11,6.61,3.12,6.06,9.4,2.24,5.04,11.57,3.21,1.07,2.99,2.73,3.01,7.97,2.56,25.42,9.6,11.7,13.46,0,0
0.05,2.28,1.47,0.59,1.03,5.33,1.68,2.23,0.23,4.23,2.35,0.47,8.11,1.45,1.58,2.47,3.29,0.99,6.38,0.57,8.82,1.56,0.05,2.24,0.02,13.83,12.83,3.44,2.18,4.84,0.17,4.37,1.41,11.78,1.39,3.49,2.29,0.85,4.23,11.65,2.37,2.55,12.92,2.78,3.96,6.69,9.76,6.38,3.02,5.85,9.08,2.16,4.87,11.17,3.1,1.03,2.89,2.63,2.91,7.69,2.47,24.54,9.27,11.29,12.99,0,0
0.04,2.08,1.35,0.54,0.94,4.87,1.53,2.04,0.21,3.87,2.15,0.43,7.42,1.32,1.44,2.26,3.01,0.91,5.84,0.52,8.07,1.42,0.04,2.05,0.01,12.65,11.74,3.15,1.99,4.42,0.15,4,1.29,10.78,1.27,3.2,2.1,0.78,3.87,10.65,2.17,2.33,11.82,2.54,3.62,6.12,8.93,5.84,2.76,5.35,8.3,1.98,4.45,10.21,2.83,0.94,2.64,2.41,2.66,7.04,2.26,22.44,8.48,10.32,11.88,-6.22,0
0.03,1.51,0.98,0.39,0.68,3.53,1.11,1.48,0.15,2.81,1.56,0.31,5.38,0.96,1.05,1.64,2.18,0.66,4.23,0.38,5.85,1.03,0.03,1.49,0.01,9.17,8.51,2.28,1.44,3.21,0.11,2.9,0.93,7.82,0.92,2.32,1.52,0.56,2.8,7.72,1.57,1.69,8.57,1.84,2.62,4.43,6.47,4.23,2,3.88,6.02,1.43,3.23,7.41,2.05,0.68,1.91,1.74,1.93,5.1,1.64,16.27,6.15,7.49,8.62,-7.82,0
0.03,1.31,0.85,0.34,0.59,3.06,0.96,1.28,0.13,2.43,1.35,0.27,4.66,0.83,0.91,1.42,1.89,0.57,3.67,0.33,5.07,0.89,0.03,1.29,0.01,7.95,7.37,1.98,1.25,2.78,0.1,2.51,0.81,6.77,0.8,2.01,1.32,0.49,2.43,6.69,1.36,1.46,7.42,1.6,2.27,3.84,5.61,3.67,1.73,3.36,5.21,1.24,2.8,6.42,1.78,0.59,1.66,1.51,1.67,4.42,1.42,14.1,5.33,6.49,7.47,-7.61,0
0.03,1.61,1.04,0.42,0.73,3.77,1.19,1.57,0.17,3,1.67,0.33,5.74,1.02,1.12,1.75,2.33,0.7,4.52,0.4,6.24,1.1,0.03,1.58,0.01,9.79,9.08,2.44,1.54,3.42,0.12,3.09,1,8.34,0.98,2.47,1.62,0.6,2.99,8.24,1.68,1.8,9.14,1.97,2.8,4.73,6.91,4.52,2.13,4.14,6.42,1.53,3.45,7.9,2.19,0.73,2.04,1.86,2.06,5.44,1.75,17.36,6.56,7.99,9.19,-4.18,0
0.04,1.89,1.22,0.49,0.86,4.42,1.39,1.85,0.19,3.51,1.95,0.39,6.73,1.2,1.31,2.05,2.73,0.82,5.3,0.47,7.33,1.29,0.04,1.86,0.01,11.48,10.66,2.86,1.81,4.02,0.14,3.63,1.17,9.78,1.15,2.9,1.9,0.71,3.51,9.67,1.97,2.12,10.73,2.31,3.29,5.55,8.11,5.3,2.5,4.86,7.54,1.8,4.04,9.27,2.57,0.86,2.4,2.18,2.42,6.39,2.05,20.37,7.7,9.37,10.79,-0.01,0
0.03,1.69,1.09,0.44,0.77,3.96,1.25,1.65,0.17,3.15,1.75,0.35,6.03,1.07,1.17,1.84,2.45,0.74,4.74,0.42,6.56,1.16,0.03,1.66,0.01,10.28,9.54,2.56,1.62,3.59,0.12,3.25,1.05,8.76,1.03,2.6,1.7,0.63,3.14,8.65,1.76,1.89,9.6,2.07,2.94,4.97,7.25,4.74,2.24,4.35,6.74,1.61,3.62,8.3,2.3,0.77,2.14,1.95,2.16,5.72,1.84,18.23,6.89,8.39,9.65,-3.39,0
0.04,1.77,1.15,0.46,0.8,4.15,1.3,1.73,0.18,3.3,1.83,0.37,6.31,1.13,1.23,1.93,2.56,0.77,4.97,0.44,6.87,1.21,0.04,1.74,0.01,10.77,9.99,2.68,1.69,3.77,0.13,3.4,1.1,9.18,1.08,2.72,1.79,0.66,3.29,9.07,1.84,1.98,10.06,2.16,3.08,5.21,7.6,4.97,2.35,4.56,7.07,1.68,3.79,8.7,2.41,0.8,2.25,2.05,2.27,5.99,1.92,19.11,7.22,8.79,10.12,-7.62,0
0.04,2.1,1.36,0.54,0.95,4.91,1.55,2.05,0.22,3.9,2.17,0.44,7.48,1.33,1.46,2.28,3.04,0.91,5.88,0.53,8.14,1.43,0.04,2.07,0.01,12.75,11.83,3.17,2.01,4.46,0.15,4.03,1.3,10.87,1.28,3.22,2.11,0.78,3.9,10.74,2.18,2.35,11.92,2.56,3.65,6.17,9,5.89,2.78,5.39,8.37,1.99,4.49,10.3,2.86,0.95,2.66,2.43,2.68,7.09,2.28,22.63,8.55,10.41,11.98,-7.42,0
0.06,2.84,1.84,0.74,1.29,6.64,2.09,2.78,0.29,5.28,2.94,0.59,10.11,1.8,1.97,3.08,4.11,1.23,7.96,0.71,11.01,1.94,0.06,2.79,0.02,17.25,16.01,4.29,2.71,6.03,0.21,5.45,1.76,14.7,1.73,4.36,2.86,1.06,5.27,14.53,2.95,3.18,16.12,3.47,4.94,8.34,12.18,7.96,3.76,7.3,11.32,2.7,6.07,13.93,3.86,1.28,3.6,3.28,3.63,9.6,3.08,30.6,11.56,14.08,16.21,-7.08,0
0.06,3.23,2.09,0.84,1.47,7.56,2.38,3.16,0.33,6.01,3.34,0.67,11.51,2.05,2.24,3.51,4.67,1.41,9.06,0.81,12.53,2.21,0.06,3.18,0.02,19.63,18.22,4.89,3.09,6.87,0.24,6.21,2,16.73,1.97,4.96,3.26,1.21,6,16.54,3.36,3.62,18.34,3.95,5.62,9.49,13.86,9.06,4.28,8.31,12.88,3.07,6.91,15.85,4.4,1.46,4.1,3.73,4.13,10.92,3.51,34.83,13.16,16.03,18.45,-7.26,-24.56
0.07,3.3,2.14,0.85,1.5,7.73,2.43,3.23,0.34,6.14,3.41,0.69,11.76,2.1,2.29,3.59,4.77,1.44,9.25,0.83,12.8,2.26,0.07,3.25,0.02,20.06,18.61,4.99,3.15,7.02,0.24,6.34,2.04,17.09,2.02,5.07,3.33,1.23,6.13,16.89,3.44,3.7,18.74,4.03,5.74,9.7,14.16,9.26,4.37,8.48,13.16,3.14,7.06,16.19,4.49,1.49,4.18,3.81,4.22,11.16,3.58,35.58,13.44,16.37,18.84,-3.1,-39.37
0.06,3.24,2.1,0.84,1.47,7.59,2.39,3.17,0.33,6.03,3.35,0.67,11.56,2.06,2.25,3.52,4.69,1.41,9.09,0.81,12.58,2.22,0.06,3.19,0.02,19.71,18.29,4.91,3.1,6.89,0.24,6.23,2.01,16.79,1.98,4.98,3.27,1.21,6.02,16.6,3.38,3.63,18.41,3.96,5.64,9.53,13.91,9.09,4.3,8.34,12.93,3.08,6.94,15.91,4.41,1.47,4.11,3.75,4.15,10.96,3.52,34.97,13.21,16.09,18.52,0,-38.18
0.05,2.55,1.65,0.66,1.16,5.98,1.88,2.5,0.26,4.75,2.64,0.53,9.1,1.62,1.77,2.78,3.69,1.11,7.16,0.64,9.9,1.75,0.05,2.51,0.02,15.52,14.4,3.86,2.44,5.43,0.19,4.91,1.58,13.23,1.56,3.92,2.57,0.96,4.74,13.07,2.66,2.86,14.5,3.12,4.44,7.51,10.96,7.16,3.38,6.57,10.19,2.43,5.46,12.53,3.48,1.16,3.24,2.95,3.26,8.63,2.77,27.54,10.4,12.67,14.58,-7.29,-11.73
0.05,2.48,1.61,0.64,1.13,5.82,1.83,2.43,0.25,4.62,2.57,0.52,8.85,1.58,1.72,2.7,3.59,1.08,6.97,0.62,9.64,1.7,0.05,2.45,0.02,15.1,14.01,3.76,2.37,5.28,0.18,4.77,1.54,12.87,1.52,3.82,2.5,0.93,4.61,12.72,2.59,2.78,14.11,3.03,4.32,7.3,10.66,6.97,3.29,6.39,9.91,2.36,5.32,12.19,3.38,1.12,3.15,2.87,3.18,8.4,2.7,26.79,10.12,12.33,14.19,-8.17,-0.16
0.06,2.81,1.82,0.73,1.27,6.57,2.07,2.75,0.29,5.22,2.9,0.58,10,1.78,1.95,3.05,4.06,1.22,7.87,0.7,10.88,1.92,0.06,2.76,0.02,17.06,15.83,4.25,2.68,5.97,0.21,5.39,1.74,14.54,1.71,4.31,2.83,1.05,5.21,14.37,2.92,3.14,15.94,3.43,4.88,8.25,12.04,7.87,3.72,7.22,11.19,2.67,6.01,13.77,3.82,1.27,3.56,3.24,3.59,9.49,3.05,30.27,11.43,13.93,16.03,-8.25,-0.16
0.05,2.36,1.53,0.61,1.07,5.53,1.74,2.31,0.24,4.4,2.44,0.49,8.42,1.5,1.64,2.57,3.42,1.03,6.63,0.59,9.16,1.61,0.05,2.33,0.02,14.36,13.33,3.57,2.26,5.02,0.17,4.54,1.46,12.24,1.44,3.63,2.38,0.88,4.39,12.1,2.46,2.65,13.42,2.89,4.11,6.94,10.14,6.63,3.13,6.08,9.42,2.25,5.06,11.6,3.22,1.07,3,2.73,3.02,7.99,2.56,25.48,9.63,11.72,13.49,-8.15,-0.16
0.04,2.18,1.41,0.57,0.99,5.11,1.61,2.14,0.22,4.06,2.26,0.45,7.78,1.39,1.52,2.37,3.16,0.95,6.12,0.55,8.47,1.49,0.04,2.15,0.01,13.27,12.32,3.3,2.09,4.64,0.16,4.2,1.35,11.31,1.33,3.35,2.2,0.82,4.06,11.18,2.27,2.45,12.4,2.67,3.8,6.42,9.37,6.13,2.89,5.62,8.71,2.08,4.67,10.72,2.97,0.99,2.77,2.52,2.79,7.38,2.37,23.55,8.9,10.84,12.47,-8.6,-0.16
0.04,2.14,1.38,0.55,0.97,5,1.57,2.09,0.22,3.97,2.21,0.44,7.61,1.36,1.48,2.32,3.09,0.93,5.99,0.54,8.28,1.46,0.04,2.1,0.01,12.98,12.05,3.23,2.04,4.54,0.16,4.1,1.32,11.06,1.31,3.28,2.15,0.8,3.97,10.93,2.22,2.39,12.13,2.61,3.71,6.28,9.16,5.99,2.83,5.49,8.52,2.03,4.57,10.48,2.91,0.97,2.71,2.47,2.73,7.22,2.32,23.03,8.7,10.6,12.2,-8.54,-0.16
0.04,2.09,1.36,0.54,0.95,4.9,1.54,2.05,0.21,3.9,2.17,0.44,7.47,1.33,1.45,2.28,3.03,0.91,5.87,0.53,8.12,1.43,0.04,2.06,0.01,12.73,11.81,3.17,2,4.45,0.15,4.02,1.3,10.85,1.28,3.22,2.11,0.78,3.89,10.72,2.18,2.35,11.9,2.56,3.64,6.16,8.99,5.88,2.78,5.39,8.35,1.99,4.48,10.28,2.85,0.95,2.66,2.42,2.68,7.08,2.27,22.59,8.53,10.39,11.96,-8.57,-0.16
0.04,2.19,1.42,0.57,0.99,5.13,1.61,2.14,0.22,4.08,2.27,0.46,7.81,1.39,1.52,2.38,3.17,0.95,6.15,0.55,8.5,1.5,0.04,2.16,0.01,13.33,12.37,3.32,2.1,4.66,0.16,4.21,1.36,11.35,1.34,3.37,2.21,0.82,4.07,11.22,2.28,2.46,12.45,2.68,3.81,6.44,9.41,6.15,2.91,5.64,8.74,2.08,4.69,10.76,2.98,0.99,2.78,2.53,2.8,7.41,2.38,23.64,8.93,10.88,12.52,-8.52,-0.16
0.04,2.23,1.45,0.58,1.01,5.23,1.64,2.18,0.23,4.15,2.31,0.46,7.96,1.42,1.55,2.43,3.23,0.97,6.26,0.56,8.66,1.53,0.04,2.2,0.01,13.57,12.59,3.38,2.13,4.75,0.16,4.29,1.38,11.56,1.36,3.43,2.25,0.84,4.15,11.43,2.32,2.5,12.68,2.73,3.88,6.56,9.58,6.26,2.96,5.74,8.9,2.12,4.78,10.96,3.04,1.01,2.83,2.58,2.85,7.55,2.42,24.08,9.1,11.08,12.75,-8.72,-0.16
0.04,2.2,1.42,0.57,1,5.15,1.62,2.15,0.23,4.09,2.27,0.46,7.84,1.4,1.53,2.39,3.18,0.96,6.17,0.55,8.53,1.5,0.04,2.16,0.01,13.37,12.4,3.33,2.1,4.68,0.16,4.22,1.36,11.39,1.34,3.38,2.22,0.82,4.08,11.26,2.29,2.46,12.49,2.69,3.82,6.46,9.43,6.17,2.91,5.65,8.77,2.09,4.7,10.79,2.99,1,2.79,2.54,2.81,7.43,2.39,23.71,8.96,10.91,12.56,-8.36,-0.16
0.04,2.22,1.44,0.58,1.01,5.2,1.63,2.17,0.23,4.13,2.3,0.46,7.91,1.41,1.54,2.41,3.21,0.97,6.22,0.56,8.61,1.52,0.04,2.18,0.01,13.49,12.52,3.36,2.12,4.72,0.16,4.26,1.37,11.5,1.36,3.41,2.24,0.83,4.12,11.36,2.31,2.49,12.6,2.71,3.86,6.52,9.52,6.23,2.94,5.71,8.85,2.11,4.75,10.89,3.02,1,2.81,2.57,2.84,7.5,2.41,23.93,9.04,11.01,12.67,-8.42,-0.16
0.04,2.25,1.45,0.58,1.02,5.26,1.65,2.2,0.23,4.18,2.32,0.47,8,1.43,1.56,2.44,3.25,0.98,6.3,0.56,8.71,1.53,0.04,2.21,0.01,13.65,12.67,3.4,2.15,4.77,0.16,4.31,1.39,11.63,1.37,3.45,2.26,0.84,4.17,11.49,2.34,2.52,12.75,2.74,3.91,6.6,9.63,6.3,2.98,5.77,8.96,2.13,4.8,11.02,3.06,1.02,2.85,2.6,2.87,7.59,2.44,24.21,9.15,11.14,12.82,-8.07,-0.16
0.05,2.31,1.49,0.6,1.05,5.41,1.7,2.26,0.24,4.29,2.39,0.48,8.23,1.47,1.6,2.51,3.34,1,6.47,0.58,8.95,1.58,0.05,2.27,0.02,14.03,13.02,3.49,2.21,4.91,0.17,4.44,1.43,11.96,1.41,3.55,2.33,0.86,4.29,11.82,2.4,2.59,13.11,2.82,4.02,6.79,9.91,6.48,3.06,5.94,9.21,2.19,4.94,11.33,3.14,1.05,2.93,2.67,2.95,7.81,2.51,24.9,9.41,11.46,13.18,-8.49,-0.16
0.03,1.62,1.05,0.42,0.73,3.79,1.19,1.58,0.17,3.01,1.67,0.34,5.76,1.03,1.12,1.76,2.34,0.7,4.54,0.41,6.27,1.11,0.03,1.59,0.01,9.83,9.12,2.45,1.55,3.44,0.12,3.11,1,8.38,0.99,2.48,1.63,0.6,3,8.28,1.68,1.81,9.18,1.98,2.81,4.75,6.94,4.54,2.14,4.16,6.45,1.54,3.46,7.94,2.2,0.73,2.05,1.87,2.07,5.47,1.76,17.44,6.59,8.02,9.24,-8.57,-0.16
0.03,1.39,0.9,0.36,0.63,3.26,1.03,1.36,0.14,2.59,1.44,0.29,4.97,0.89,0.97,1.51,2.02,0.61,3.91,0.35,5.41,0.95,0.03,1.37,0.01,8.47,7.86,2.11,1.33,2.96,0.1,2.68,0.86,7.22,0.85,2.14,1.4,0.52,2.59,7.13,1.45,1.56,7.91,1.7,2.42,4.1,5.98,3.91,1.85,3.58,5.56,1.33,2.98,6.84,1.9,0.63,1.77,1.61,1.78,4.71,1.51,15.03,5.68,6.92,7.96,-8.72,-0.16
0.03,1.44,0.93,0.37,0.65,3.37,1.06,1.41,0.15,2.68,1.49,0.3,5.13,0.91,1,1.56,2.08,0.63,4.04,0.36,5.58,0.98,0.03,1.42,0.01,8.75,8.12,2.18,1.38,3.06,0.11,2.77,0.89,7.46,0.88,2.21,1.45,0.54,2.67,7.37,1.5,1.61,8.18,1.76,2.5,4.23,6.18,4.04,1.91,3.7,5.74,1.37,3.08,7.07,1.96,0.65,1.83,1.66,1.84,4.87,1.56,15.52,5.86,7.14,8.22,-8.51,-0.16
0.03,1.65,1.07,0.43,0.75,3.87,1.22,1.62,0.17,3.08,1.71,0.34,5.89,1.05,1.15,1.8,2.39,0.72,4.64,0.41,6.41,1.13,0.03,1.63,0.01,10.05,9.32,2.5,1.58,3.52,0.12,3.18,1.02,8.56,1.01,2.54,1.67,0.62,3.07,8.46,1.72,1.85,9.39,2.02,2.88,4.86,7.09,4.64,2.19,4.25,6.59,1.57,3.54,8.11,2.25,0.75,2.1,1.91,2.11,5.59,1.79,17.83,6.73,8.2,9.44,-8.44,-0.16
0.03,1.74,1.13,0.45,0.79,4.08,1.28,1.71,0.18,3.24,1.8,0.36,6.22,1.11,1.21,1.9,2.52,0.76,4.89,0.44,6.76,1.19,0.03,1.72,0.01,10.6,9.84,2.64,1.67,3.71,0.13,3.35,1.08,9.03,1.07,2.68,1.76,0.65,3.24,8.93,1.82,1.95,9.9,2.13,3.03,5.13,7.48,4.89,2.31,4.48,6.96,1.66,3.73,8.56,2.37,0.79,2.21,2.02,2.23,5.9,1.89,18.81,7.1,8.65,9.96,-8.39,-0.16
0.03,1.65,1.07,0.43,0.75,3.86,1.22,1.61,0.17,3.07,1.71,0.34,5.88,1.05,1.15,1.79,2.39,0.72,4.63,0.41,6.4,1.13,0.03,1.62,0.01,10.03,9.31,2.5,1.58,3.51,0.12,3.17,1.02,8.55,1.01,2.54,1.66,0.62,3.07,8.45,1.72,1.85,9.37,2.02,2.87,4.85,7.08,4.63,2.19,4.24,6.58,1.57,3.53,8.1,2.25,0.75,2.09,1.91,2.11,5.58,1.79,17.8,6.72,8.19,9.43,-7.8,-0.16
0.04,1.79,1.16,0.46,0.81,4.19,1.32,1.75,0.18,3.33,1.85,0.37,6.38,1.14,1.24,1.94,2.59,0.78,5.02,0.45,6.94,1.22,0.04,1.76,0.01,10.88,10.09,2.71,1.71,3.81,0.13,3.44,1.11,9.27,1.09,2.75,1.8,0.67,3.32,9.16,1.86,2,10.16,2.19,3.11,5.26,7.68,5.02,2.37,4.6,7.14,1.7,3.83,8.78,2.44,0.81,2.27,2.07,2.29,6.05,1.94,19.3,7.29,8.88,10.22,-8.35,-0.16
0.04,2.26,1.47,0.59,1.03,5.3,1.67,2.22,0.23,4.21,2.34,0.47,8.07,1.44,1.57,2.46,3.28,0.99,6.35,0.57,8.78,1.55,0.04,2.23,0.01,13.77,12.78,3.43,2.17,4.82,0.17,4.35,1.4,11.73,1.38,3.48,2.28,0.85,4.21,11.59,2.36,2.54,12.86,2.77,3.94,6.66,9.72,6.35,3,5.82,9.03,2.15,4.85,11.12,3.08,1.03,2.87,2.62,2.9,7.66,2.46,24.43,9.23,11.24,12.93,-8.15,-0.16
0.05,2.59,1.68,0.67,1.18,6.07,1.91,2.53,0.27,4.82,2.68,0.54,9.23,1.65,1.8,2.81,3.75,1.13,7.26,0.65,10.05,1.77,0.05,2.55,0.02,15.75,14.61,3.92,2.48,5.51,0.19,4.98,1.6,13.42,1.58,3.98,2.61,0.97,4.81,13.26,2.7,2.9,14.71,3.16,4.51,7.61,11.11,7.27,3.43,6.66,10.33,2.46,5.54,12.71,3.53,1.17,3.28,2.99,3.31,8.76,2.81,27.93,10.55,12.85,14.79,-6.01,-0.16
0.06,2.8,1.81,0.73,1.27,6.56,2.06,2.74,0.29,5.21,2.9,0.58,9.98,1.78,1.94,3.04,4.05,1.22,7.85,0.7,10.86,1.91,0.06,2.76,0.02,17.03,15.8,4.24,2.68,5.96,0.21,5.38,1.73,14.51,1.71,4.3,2.82,1.05,5.2,14.34,2.92,3.14,15.91,3.42,4.87,8.23,12.02,7.86,3.71,7.2,11.17,2.66,5.99,13.75,3.81,1.27,3.55,3.24,3.58,9.47,3.04,30.2,11.41,13.9,15.99,-0.15,-0.16
0.06,2.8,1.82,0.73,1.27,6.56,2.06,2.74,0.29,5.22,2.9,0.58,9.99,1.78,1.95,3.05,4.06,1.22,7.86,0.7,10.87,1.92,0.06,2.76,0.02,17.04,15.81,4.24,2.68,5.96,0.21,5.39,1.74,14.52,1.71,4.31,2.83,1.05,5.21,14.35,2.92,3.14,15.92,3.42,4.88,8.24,12.03,7.86,3.72,7.21,11.18,2.67,6,13.76,3.82,1.27,3.56,3.24,3.58,9.48,3.04,30.23,11.42,13.91,16.01,0,-0.16
0.04,2.16,1.4,0.56,0.98,5.05,1.59,2.11,0.22,4.01,2.23,0.45,7.69,1.37,1.5,2.34,3.12,0.94,6.05,0.54,8.37,1.47,0.04,2.12,0.01,13.11,12.17,3.26,2.06,4.59,0.16,4.14,1.33,11.17,1.32,3.31,2.17,0.81,4.01,11.04,2.25,2.42,12.25,2.64,3.75,6.34,9.26,6.05,2.86,5.55,8.6,2.05,4.62,10.59,2.94,0.98,2.74,2.49,2.76,7.29,2.34,23.26,8.79,10.7,12.32,0,-0.16
0.04,2.1,1.36,0.54,0.95,4.92,1.55,2.06,0.22,3.91,2.17,0.44,7.49,1.34,1.46,2.28,3.04,0.91,5.89,0.53,8.15,1.44,0.04,2.07,0.01,12.77,11.85,3.18,2.01,4.47,0.15,4.04,1.3,10.88,1.28,3.23,2.12,0.79,3.9,10.75,2.19,2.35,11.93,2.57,3.65,6.17,9.01,5.89,2.78,5.4,8.38,2,4.5,10.31,2.86,0.95,2.66,2.43,2.69,7.1,2.28,22.66,8.56,10.43,12,0,-0.16
0.05,2.31,1.49,0.6,1.05,5.4,1.7,2.26,0.24,4.29,2.39,0.48,8.22,1.47,1.6,2.51,3.34,1,6.47,0.58,8.95,1.58,0.05,2.27,0.02,14.03,13.01,3.49,2.21,4.91,0.17,4.43,1.43,11.95,1.41,3.54,2.33,0.86,4.29,11.81,2.4,2.58,13.1,2.82,4.01,6.78,9.9,6.47,3.06,5.93,9.2,2.19,4.94,11.32,3.14,1.04,2.93,2.67,2.95,7.8,2.5,24.88,9.4,11.45,13.18,-1.87,-0.16
0.04,2.13,1.38,0.55,0.97,4.99,1.57,2.09,0.22,3.97,2.21,0.44,7.6,1.35,1.48,2.32,3.08,0.93,5.98,0.54,8.27,1.46,0.04,2.1,0.01,12.96,12.03,3.23,2.04,4.53,0.16,4.1,1.32,11.04,1.3,3.27,2.15,0.8,3.96,10.91,2.22,2.39,12.11,2.6,3.71,6.27,9.15,5.98,2.83,5.48,8.5,2.03,4.56,10.46,2.9,0.97,2.7,2.46,2.73,7.21,2.31,22.99,8.69,10.58,12.18,-7.09,-0.16
0.04,1.92,1.24,0.5,0.87,4.49,1.41,1.88,0.2,3.57,1.98,0.4,6.84,1.22,1.33,2.08,2.78,0.83,5.38,0.48,7.44,1.31,0.04,1.89,0.01,11.66,10.82,2.9,1.83,4.08,0.14,3.68,1.19,9.93,1.17,2.95,1.93,0.72,3.56,9.82,2,2.15,10.89,2.34,3.34,5.64,8.23,5.38,2.54,4.93,7.65,1.82,4.1,9.41,2.61,0.87,2.43,2.22,2.45,6.49,2.08,20.68,7.81,9.52,10.95,-7.7,-0.16
0.04,1.94,1.26,0.5,0.88,4.55,1.43,1.9,0.2,3.61,2.01,0.4,6.92,1.23,1.35,2.11,2.81,0.84,5.45,0.49,7.53,1.33,0.04,1.91,0.01,11.8,10.95,2.94,1.86,4.13,0.14,3.73,1.2,10.06,1.19,2.98,1.96,0.73,3.61,9.94,2.02,2.18,11.03,2.37,3.38,5.71,8.33,5.45,2.57,4.99,7.75,1.85,4.15,9.53,2.64,0.88,2.46,2.24,2.48,6.57,2.11,20.94,7.91,9.64,11.09,-5.57,-0.16
0.04,1.95,1.26,0.51,0.89,4.57,1.44,1.91,0.2,3.63,2.02,0.41,6.96,1.24,1.36,2.12,2.82,0.85,5.47,0.49,7.57,1.33,0.04,1.92,0.01,11.87,11.01,2.95,1.87,4.15,0.14,3.75,1.21,10.11,1.19,3,1.97,0.73,3.63,9.99,2.03,2.19,11.09,2.38,3.4,5.74,8.38,5.48,2.59,5.02,7.79,1.86,4.18,9.58,2.66,0.88,2.48,2.26,2.5,6.6,2.12,21.05,7.95,9.69,11.15,-3.06,-0.16
0.04,2.07,1.34,0.54,0.94,4.84,1.52,2.02,0.21,3.85,2.14,0.43,7.37,1.31,1.44,2.25,2.99,0.9,5.8,0.52,8.02,1.41,0.04,2.04,0.01,12.57,11.66,3.13,1.98,4.4,0.15,3.97,1.28,10.71,1.26,3.18,2.08,0.77,3.84,10.59,2.15,2.32,11.74,2.53,3.6,6.08,8.87,5.8,2.74,5.32,8.25,1.97,4.42,10.15,2.82,0.94,2.62,2.39,2.64,6.99,2.24,22.3,8.42,10.26,11.81,-3.19,-0.16
0.04,2.12,1.37,0.55,0.96,4.96,1.56,2.07,0.22,3.94,2.19,0.44,7.56,1.35,1.47,2.3,3.07,0.92,5.95,0.53,8.22,1.45,0.04,2.09,0.01,12.89,11.96,3.21,2.03,4.51,0.16,4.07,1.31,10.98,1.3,3.26,2.14,0.79,3.94,10.85,2.21,2.38,12.04,2.59,3.69,6.23,9.1,5.95,2.81,5.45,8.46,2.02,4.54,10.41,2.89,0.96,2.69,2.45,2.71,7.17,2.3,22.87,8.64,10.52,12.11,-7.46,-0.16
0.05,2.51,1.62,0.65,1.14,5.88,1.85,2.45,0.26,4.67,2.6,0.52,8.94,1.59,1.74,2.73,3.63,1.09,7.04,0.63,9.73,1.72,0.05,2.47,0.02,15.25,14.15,3.8,2.4,5.34,0.18,4.82,1.55,13,1.53,3.85,2.53,0.94,4.66,12.85,2.61,2.81,14.25,3.07,4.36,7.37,10.77,7.04,3.33,6.45,10.01,2.39,5.37,12.32,3.42,1.14,3.18,2.9,3.21,8.48,2.72,27.06,10.22,12.45,14.33,-7.44,-0.16
0.05,2.55,1.65,0.66,1.16,5.97,1.88,2.49,0.26,4.74,2.64,0.53,9.09,1.62,1.77,2.77,3.69,1.11,7.15,0.64,9.89,1.74,0.05,2.51,0.02,15.5,14.38,3.86,2.44,5.42,0.19,4.9,1.58,13.2,1.56,3.92,2.57,0.95,4.74,13.05,2.65,2.86,14.48,3.11,4.43,7.49,10.94,7.15,3.38,6.56,10.17,2.42,5.46,12.51,3.47,1.15,3.23,2.95,3.26,8.62,2.77,27.49,10.39,12.65,14.56,-7.56,-0.16
0.05,2.46,1.59,0.64,1.11,5.75,1.81,2.4,0.25,4.57,2.54,0.51,8.75,1.56,1.7,2.67,3.55,1.07,6.89,0.62,9.52,1.68,0.05,2.42,0.02,14.93,13.85,3.71,2.35,5.22,0.18,4.72,1.52,12.72,1.5,3.77,2.47,0.92,4.56,12.57,2.56,2.75,13.94,3,4.27,7.22,10.54,6.89,3.25,6.31,9.79,2.33,5.25,12.05,3.34,1.11,3.11,2.84,3.14,8.3,2.67,26.48,10,12.18,14.02,-7.37,-0.16
0.05,2.31,1.49,0.6,1.05,5.4,1.7,2.26,0.24,4.29,2.39,0.48,8.23,1.47,1.6,2.51,3.34,1,6.47,0.58,8.95,1.58,0.05,2.27,0.02,14.03,13.02,3.49,2.21,4.91,0.17,4.43,1.43,11.96,1.41,3.55,2.33,0.86,4.29,11.82,2.4,2.59,13.11,2.82,4.01,6.78,9.9,6.47,3.06,5.94,9.21,2.19,4.94,11.33,3.14,1.04,2.93,2.67,2.95,7.81,2.51,24.89,9.4,11.45,13.18,-5.01,-0.16
0.03,1.75,1.13,0.45,0.79,4.09,1.29,1.71,0.18,3.25,1.81,0.36,6.23,1.11,1.21,1.9,2.53,0.76,4.9,0.44,6.78,1.19,0.03,1.72,0.01,10.62,9.85,2.64,1.67,3.72,0.13,3.36,1.08,9.05,1.07,2.68,1.76,0.65,3.25,8.94,1.82,1.96,9.92,2.13,3.04,5.14,7.5,4.9,2.32,4.49,6.97,1.66,3.74,8.58,2.38,0.79,2.22,2.02,2.23,5.91,1.9,18.84,7.12,8.67,9.98,0,-0.16
0.03,1.55,1.01,0.4,0.71,3.64,1.14,1.52,0.16,2.89,1.61,0.32,5.54,0.99,1.08,1.69,2.25,0.68,4.36,0.39,6.03,1.06,0.03,1.53,0.01,9.45,8.77,2.35,1.49,3.31,0.11,2.99,0.96,8.05,0.95,2.39,1.57,0.58,2.89,7.96,1.62,1.74,8.83,1.9,2.7,4.57,6.67,4.36,2.06,4,6.2,1.48,3.33,7.63,2.12,0.7,1.97,1.8,1.99,5.26,1.69,16.76,6.33,7.71,8.88,0,-0.16
