150,159,1,2,102,148
,,2,1,2,
,,3,3,2,
,,4,4,3,
,,5,4,103,
,,6,5,4,
,,7,5,6,
,,8,7,5,
,,9,7,104,
,,10,8,7,
,,11,8,9,
,,12,10,8,
,,13,10,105,
,,14,11,10,
,,15,11,106,
,,16,12,11,
,,17,13,12,
,,18,14,13,
,,19,14,107,
,,20,15,14,
,,21,16,15,
,,22,16,17,
,,23,17,108,
,,24,17,18,
,,25,18,19,
,,26,19,20,
,,27,20,21,
,,28,21,109,
,,29,21,22,
,,30,22,23,
,,31,23,24,
,,32,24,25,
,,33,24,26,
,,34,26,27,
,,35,27,28,
,,36,28,29,
,,37,29,110,
,,38,29,30,
,,39,19,31,
,,40,31,32,
,,41,31,33,
,,42,33,34,
,,43,34,112,
,,44,34,111,
,,45,34,35,
,,46,35,36,
,,47,36,113,
,,48,36,37,
,,49,37,114,
,,50,37,38,
,,51,38,39,
,,52,39,115,
,,53,39,40,
,,54,33,41,
,,55,41,117,
,,56,41,116,
,,57,41,40,
,,58,40,42,
,,59,42,118,
,,60,42,43,
,,61,43,44,
,,62,44,45,
,,63,45,119,
,,64,45,46,
,,65,44,47,
,,66,47,120,
,,67,47,48,
,,68,48,49,
,,69,48,121,
,,70,48,50,
,,71,51,43,
,,72,51,52,
,,73,53,51,
,,74,54,53,
,,75,54,122,
,,76,55,54,
,,77,55,123,
,,78,58,55,
,,79,55,56,
,,80,56,124,
,,81,56,57,
,,82,19,58,
,,83,59,58,
,,84,13,59,
,,85,59,60,
,,86,60,61,
,,87,61,146,
,,88,61,145,
,,89,61,62,
,,90,62,144,
,,91,62,143,
,,92,62,63,
,,93,63,64,
,,94,64,142,
,,95,64,65,
,,96,70,63,
,,97,70,125,
,,98,54,70,
,,99,70,69,
,,100,69,126,
,,101,68,69,
,,102,43,68,
,,103,68,67,
,,104,67,127,
,,105,67,66,
,,106,66,65,
,,107,65,71,
,,108,71,128,
,,109,71,72,
,,110,72,129,
,,111,72,130,
,,112,72,73,
,,113,73,74,
,,114,73,75,
,,115,75,76,
,,116,76,131,
,,117,76,78,
,,118,78,80,
,,119,78,79,
,,120,78,133,
,,121,78,132,
,,122,81,78,
,,123,81,82,
,,124,64,84,
,,125,84,83,
,,126,83,141,
,,127,83,81,
,,128,99,83,
,,129,99,86,
,,130,81,85,
,,131,85,134,
,,132,85,135,
,,133,86,85,
,,134,86,87,
,,135,87,88,
,,136,87,89,
,,137,90,87,
,,138,90,136,
,,139,90,137,
,,140,91,90,
,,141,91,138,
,,142,92,91,
,,143,92,93,
,,144,94,92,
,,145,95,94,
,,146,95,139,
,,147,95,96,
,,148,96,97,
,,149,96,140,
,,150,96,98,
,,151,98,99,
,,152,100,95,
,,153,100,147,
,,154,100,101,
,,155,60,100,
,,156,76,77,
,,157,148,16,
,,158,149,20,
,,159,150,22,
